ticker,date,time,title,Sentiment
nvda,Jul-07-21,05:45PM  ,Nvidia (NVDA) Stock Sinks As Market Gains: What You Should Know,-.5
nvda,Jul-07-21,02:27PM  ,Nvidia stock is still a great buy despite the crypto winter: BofA analyst,.8
nvda,Jul-07-21,10:29AM  ,Why Trump is partly to blame for the U.S. chip shortage,0
nvda,Jul-07-21,10:14AM  ,"Big tech rally: Amazon at record high, Apple extends gains",1
nvda,Jul-07-21,08:33AM  ,Nasdaq's Rally to Continue in 2H21: 5 Large Cap Stocks to Buy,.7
nvda,Jul-07-21,08:32AM  ,Why Newegg Stock Skyrocketed 42% on Tuesday,.6
nvda,Jul-07-21,08:30AM  ,"If You Invested $1000 in Nvidia 10 Years Ago, This Is How Much You'd Have Now",.8
nvda,Jul-07-21,08:11AM  ,Microchip Sales Continue to Soar on Higher Demand: 5 Winners,.5
nvda,Jul-07-21,08:00AM  ,Good News Is Coming For Hot Tech Stocks In The Next 3 Months,.5
nvda,Jul-07-21,07:47AM  ,"Newegg More Than Doubles, Turning Into Meme Play",.6
nvda,Jul-07-21,07:30AM  ,"Zacks.com featured highlights include: Apollo Medical, Atento, Grindrod Shipping, Nike and NVIDIA",.4
nvda,Jul-07-21,06:53AM  ,Coinbase vs. Nvidia: Which Cryptocurrency Stock Is A More Compelling Buy?,.3
nvda,Jul-07-21,05:49AM  ,Nvidia Continues to Travel to New Heights So Raise Stops,.8
nvda,Jul-07-21,05:42AM  ,"Morning Bell With Jim Cramer: Nvidia, Oil Prices and Didi",0
nvda,Jul-06-21,07:14PM  ,Nvidia gives health researchers access to UK supercomputer,.4
nvda,Jul-06-21,07:01PM  ,"NVIDIA Launches UKs Most Powerful Supercomputer, for Research in AI and Healthcare",.7
nvda,Jul-06-21,07:01PM  ,Nvidia gives health researchers access to UK supercomputer,.4
nvda,Jul-06-21,05:20PM  ,Is Nvidia Stock A Buy After Strong Post-Earnings Rally?,0
nvda,Jul-06-21,04:22PM  ,10 Stocks Reddits WallStreetBets is Buying in July 2021,.3
nvda,Jul-06-21,04:12PM  ,Nvidia stock hits third record close in a row as it seeks record eighth straight week of gains,.8
nvda,Jul-06-21,03:01PM  ,Jim Cramer: What Q2's Strongest Stocks Tell Us About This Bull Market,.7
nvda,Jul-06-21,01:21PM  ,Nvidia Stock Closes at Record High. Why the Rally Could Keep Going.,.7
nvda,Jul-06-21,01:11PM  ,Nvidia Stock Is at a Record High. Why the Rally Could Keep Going.,.7
nvda,Jul-06-21,12:40PM  ,Nvidia Stock Is A Play On The Future Of Artificial Intelligence,.6
nvda,Jul-06-21,11:24AM  ,"Stock Market Today With Jim Cramer: Stay Away From Didi, Buy Nvidia",.9
nvda,Jul-06-21,11:18AM  ,Why investors are leaving work-from-home stocks behind,0
nvda,Jul-06-21,08:53AM  ,"NVIDIA, Lumentum, Maravai LifeSciences, Baxter International and BellRing Brands highlighted as Zacks Bull and Bear of the Day",.4
nvda,Jul-06-21,08:34AM  ,40 of the hottest stocks in the market so far in 2021,.2
nvda,Jul-06-21,07:30AM  ,"5 Top Stock Gainers for Tuesday: Nvidia, FireEye and Weibo",.5
nvda,Jul-06-21,05:49AM  ,4 Stocks to Make the Most of Surging Demand for AI,.5
nvda,Jul-06-21,05:38AM  ,Wall Street Offers an Ideal Ground for Bulls to Roar: 5 Picks,.5
nvda,Jul-06-21,05:20AM  ,Bull of the Day: NVIDIA (NVDA),.8
nvda,Jul-06-21,04:40AM  ,"Premarket Movers Tuesday: Didi, Nvidia, AMC",.3
nvda,Jul-06-21,02:39AM  ,Nvidia Gains on Another Analyst Price-Target Boost,.8
nvda,Jul-05-21,11:30AM  ,Is NVIDIA (NVDA) Outperforming Other Computer and Technology Stocks This Year?,.8
nvda,Jul-05-21,09:00AM  ,How to Find Strong Buy Computer and Technology Stocks Using the Zacks Rank,.7
nvda,Jul-05-21,08:17AM  ,3 Stocks to Buy If New Lockdown Orders Are Issued,.3
nvda,Jul-05-21,05:25AM  ,5 Stocks With Recent Price Strength Following a Strong 1H,.5
nvda,Jul-04-21,05:52AM  ,Buying These 3 Robinhood Stocks Could Be the Smartest Investing Moves You'll Ever Make,.3
nvda,Jul-03-21,08:04PM  ,Why NVIDIA Stock Jumped 23% in June,.4
nvda,Jul-03-21,11:24AM  ,10 Best Roth IRA Stocks to Buy According to Reddit,.2
nvda,Jul-03-21,06:03AM  ,Nvidia Announced a Stock Split. Here's Why Investors Shouldn't Care,0
nvda,Jul-02-21,03:42PM  ,Arm CEO says Nvidia merger better than going public,.5
nvda,Jul-02-21,03:34PM  ,Arm CEO says Nvidia merger better than going public,.5
nvda,Jul-02-21,02:45PM  ,"Stock Picks: Nvidia, Facebook Reveal 7 Telltale Traits Of Top Stocks To Buy And Watch",.6
nvda,Jul-02-21,11:04AM  ,7 Stocks to Sell as You Head Into July 2021,-.5
nvda,Jul-02-21,09:17AM  ,Earnings Growth & Price Strength Make Nvidia (NVDA) a Stock to Watch,.4
nvda,Jul-02-21,07:20AM  ,Semiconductor Stocks Look Promising After Micron Q3 Earnings: 4 Picks,.4
nvda,Jul-02-21,06:00AM  ,Nvidia Stock Will Continue to Buck Bearish Narratives,.4
nvda,Jul-02-21,04:57AM  ,"British jobs at risk if Nvidia takeover is blocked, Arm boss warns",.3
nvda,Jul-01-21,12:51PM  ,Micron and Chip Stocks Drop but Nvidia Climbs,.5
nvda,Jul-01-21,11:19AM  ,Why NVIDIA Stock Keeps Moving Higher,.3
nvda,Jul-01-21,10:40AM  ,10 Best Cryptocurrencies to Invest in According to Reddit,.2
nvda,Jul-01-21,09:18AM  ,"Nvidia price target raised to new Street high of $1,000 at BMO Capital Markets",.9
nvda,Jul-01-21,09:15AM  ,Is NVIDIA Headed to $900? 3 Things to Know,.4
nvda,Jul-01-21,09:10AM  ,"Zacks Market Edge Highlights: Amazon, QQQ, NVIDIA, PayPal, United Rentals and Bookings Holdings",.4
nvda,Jul-01-21,08:05AM  ,5 Soaring Tech Growth Stocks to Buy Instead of Bitcoin in 2H21,.6
nvda,Jul-01-21,07:39AM  ,Stock-Split Watch: Is Target Next?,0
nvda,Jul-01-21,07:16AM  ,Buy This Stock Before It Turns Into a Top 5G Play,.2
nvda,Jul-01-21,07:07AM  ,"Micron (MU) Q3 Earnings Beat Estimates, Q4 Outlook Impressive",.6
nvda,Jul-01-21,05:31AM  ,"Nvidia Target at Wall Street High $1,000; BMO Lauds Data-Center Lines",.8
nvda,Jun-30-21,06:02PM  ,NVIDIA and AMD: Digital Flywheels of Super-Exponential Innovation,.3
nvda,Jun-30-21,05:45PM  ,Nvidia (NVDA) Stock Sinks As Market Gains: What You Should Know,-.4
nvda,Jun-30-21,04:56PM  ,10 Best ESG Stocks to Buy Now,0
nvda,Jun-30-21,04:49PM  ,10 Best Cryptocurrencies to Buy for Early Retirement,.2
nvda,Jun-30-21,11:30AM  ,"TOP500's Supercomputer List Gives Investors Great Insight on AMD, NVIDIA, and Intel",0
nvda,Jun-30-21,10:19AM  ,Can the Rally in NVIDIA (NVDA) Shares Continue?,0
nvda,Jun-30-21,06:35AM  ,"Forget the Stock Split, Here's the Real Reason to Invest in NVIDIA Stock",.6
nvda,Jun-30-21,06:01AM  ,NVIDIA's Stock Split Is Almost Here: Here's What You Should Know,0
nvda,Jun-30-21,05:55AM  ,These 3 Winners Look Ready for a Stock Split,0
nvda,Jun-30-21,01:05AM  ,"Didi Global, Micron, Nvidia and Bed Bath & Beyond: 5 Things You Must Know",0
nvda,Jun-29-21,08:22PM  ,Why TuSimple Stock Soared 25% Over the Last 2 Days,.3
nvda,Jun-29-21,06:04PM  ,NVIDIA (NVDA) Makes Key Advancements with AI-on-5G Platform,.5
nvda,Jun-29-21,10:49AM  ,"NVIDIA, AMD, or Intel: Which Is the Best Chip Stock to Buy Right Now?",0
nvda,Jun-29-21,10:30AM  ,Can AMD Go on a Rally Like Nvidia and Hit All-Time Highs?,.3
nvda,Jun-29-21,10:22AM  ,"5G Stocks To Buy And Watch: Global 5G Phone Shipments, Subscriptions Ramp Up",.3
nvda,Jun-29-21,10:02AM  ,"Ark files for bitcoin ETF, Nvidia gets support for Arm acquisition",.3
nvda,Jun-29-21,10:00AM  ,Could This Be a Big Risk for NVIDIA Stock?,-.1
nvda,Jun-29-21,07:43AM  ,United Airlines Placed Its Largest Jet Order Ever. Who Wins From Its Big Bet on Travels Return.,.3
nvda,Jun-29-21,06:04AM  ,"Morning Bell With Jim Cramer: Micron Earnings, Nvidia and AMD",0
nvda,Jun-29-21,06:00AM  ,Is NVIDIA Stock a Buy Ahead of Its Stock Split?,0
nvda,Jun-29-21,02:56AM  ,One Overlooked Cryptocurrency Investing Opportunity,.3
nvda,Jun-28-21,04:49PM  ,US STOCKS-Tech stock rally sends S&P and Nasdaq to record highs,.2
nvda,Jun-28-21,04:46PM  ,"Stock Market Today: Chip Rip Triggers Record Highs in Nasdaq, S&P",.2
nvda,Jun-28-21,04:44PM  ,"Dow Jones Trades 150 Points Lower As Nasdaq Diverges, Hits New High",.3
nvda,Jun-28-21,04:11PM  ,"Nvidia Is 'Undisputed Leader' In AI Chips, But Competition Is Rising",.3
nvda,Jun-28-21,03:01PM  ,Jim Cramer: Monday's Market Is One of the Most Mind-Blowing I've Seen,.2
nvda,Jun-28-21,02:42PM  ,Nvidia Gets Just a Little Help From Its Friends,.3
nvda,Jun-28-21,12:31PM  ,Why NVIDIA Stock Was Up Today,.4
nvda,Jun-28-21,11:10AM  ,Stock Market Today With Jim Cramer: Tesla 'Bellwether of High Growth',.4
nvda,Jun-28-21,11:01AM  ,Nvidia Stock Rallies as Three Key Chip Makers Endorse Bid for Arm,.7
nvda,Jun-28-21,09:00AM  ,"As Nvidia Surges, We Are Updating Our Technical Strategy",.7
nvda,Jun-28-21,08:41AM  ,"5 Top Stock Gainers for Monday: Intellia Therapeutics, QAD, Etsy, Nvidia",.4
nvda,Jun-28-21,07:45AM  ,"NVIDIA Extends Arm Support, Collaborates With Google Cloud For AI-on-5G Lab, Introduces New HGX A100 Systems To Drive Industrial AI",.7
nvda,Jun-28-21,06:33AM  ,Nvidia Gains On Support From Arm Customers To Buy Chip Designer,.6
nvda,Jun-28-21,05:55AM  ,2 Robinhood Stocks That Could Crush Dogecoin,.3
nvda,Jun-28-21,05:44AM  ,Nvidia Climbs; Citi Sees U.K. Regulator More Likely to Clear Arm Deal,.7
nvda,Jun-28-21,04:52AM  ,"Premarket Movers Monday: Intellia Therapeutics, Boeing, Nvidia",.3
nvda,Jun-28-21,03:01AM  ,NVIDIA Powers Next-Generation Supercomputer at University of Edinburgh,.5
nvda,Jun-28-21,03:01AM  ,NVIDIA and Google Cloud to Create Industrys First AI-on-5G Lab to Speed Development of AI Everywhere,.7
tsla,Jul-07-21,07:07PM  ,Dow Jones Futures: Apple Leads Market Rally After Fed Minutes; Meme Stock Newegg Rockets,.5
tsla,Jul-07-21,05:48PM  ,Tesla Hates Lidar. This Tesla Lover Loves It.,.3
tsla,Jul-07-21,05:05PM  ,HawkEye 360 CEO on the Space Races impact on future investment,0
tsla,Jul-07-21,04:29PM  ,10 Stocks Cathie Wood Is Selling,-.4
tsla,Jul-07-21,04:07PM  ,Tesla Stock Nears Key Support With June China EV Sales Data Due,.3
tsla,Jul-07-21,04:05PM  ,"Auto Giant Looks To Catch Up To GM, Tesla With Big Electric Vehicle Event",.2
tsla,Jul-07-21,01:52PM  ,Tesla Stock Isnt Joining the Tech Rally. Heres Why.,-.4
tsla,Jul-07-21,12:33PM  ,Why Tesla Stock Crashed and Burned Again Today,-.8
tsla,Jul-07-21,12:32PM  ,Institutional Investors Warm Up to Cryptos: What Do You Need to Know?,.2
tsla,Jul-07-21,11:30AM  ,"Dow Jones Rallies As Yields Dive; Tesla Stock Extends Losses, While Amazon, Apple, Shopify In Buy Zones",-.6
tsla,Jul-07-21,09:54AM  ,"Tesla and Nio Charging Ahead into Second Half of 2021, Says Analyst",.3
tsla,Jul-07-21,07:58AM  ,"The 10 most popular used car models in Britain, according to AA",.2
tsla,Jul-07-21,07:26AM  ,Cathie Wood Is Buying These Top Growth Stocks -- and Both Could Make You Rich,.2
tsla,Jul-07-21,06:32AM  ,Why Tesla Stock Got Clobbered Tuesday  and Why It Could Bounce Back,.1
tsla,Jul-07-21,05:10AM  ,Uber Could Transport Investors to New Growth,.2
tsla,Jul-07-21,04:50AM  ,"Dow Jones Futures: Crude Oil Rebounds, Treasury Yields Keep Falling; Amazon, Shopify Lead 5 Techs In Buy Zones",.1
tsla,Jul-07-21,03:55AM  ,Foxconns China EV Push Hits Snag With Byton Board Upheaval,-.2
tsla,Jul-07-21,02:18AM  ,"Solarwatt flexes muscles in home energy storage fight with Shell, Tesla",.3
tsla,Jul-07-21,02:08AM  ,"Solarwatt flexes muscles in home energy storage fight with Shell, Tesla",.3
tsla,Jul-07-21,02:00AM  ,"FOCUS-Solarwatt flexes muscles in home energy storage fight with Shell, Tesla",-.2
tsla,Jul-06-21,11:41PM  ,Thai Energy Pioneer Pivots to Electric Buses in Green Push,.2
tsla,Jul-06-21,05:31PM  ,"Dow Jones Futures: Amazon, Shopify Lead 5 Techs Entering Buy Zones; Tesla Falls As China, Energy Stocks Hit Hard In Market Rally",-.5
tsla,Jul-06-21,05:08PM  ,Jeff Bezos Hits Wealth Record of $211 Billion on Pentagon Move,0
tsla,Jul-06-21,04:54PM  ,Is Nio Stock A Buy After Q2 Sales More Than Double?,.1
tsla,Jul-06-21,04:22PM  ,10 Stocks Reddits WallStreetBets is Buying in July 2021,.1
tsla,Jul-06-21,04:04PM  ,Supercar Brand To Go Electric After Merger With EV Startup,0
tsla,Jul-06-21,04:00PM  ,"Can Google, Tesla, Microsoft, CrowdStrike, PayPal Keep The Tech Train Rolling?",.3
tsla,Jul-06-21,03:08PM  ,"Dow Jones Dips, Small Caps Mauled; Apple Rises As Tesla Stalls Amid Lawsuit; AMC Stock Dives",-.3
tsla,Jul-06-21,02:18PM  ,Berkshire Hathaway EV Investment Had a Great June. How Tesla Stacks Up.,.3
tsla,Jul-06-21,12:43PM  ,Why Tesla Stock Fell on Tuesday,-.4
tsla,Jul-06-21,11:53AM  ,15 Best Clean Energy Stocks to Invest In,0
tsla,Jul-06-21,10:57AM  ,"Tesla Affirmed Underweight, Target Raised at J.P. Morgan",.1
tsla,Jul-06-21,10:48AM  ,"Teslas autopilot controversy, Volkswagens EV push",-.2
tsla,Jul-06-21,10:37AM  ,"Investing Strategies: DocuSign CEO Shares Insights, EV Stocks Charge Higher, Big Tech Antitrust Battle Continues",.2
tsla,Jul-06-21,10:33AM  ,Forget Tesla. The More Interesting EV Race is Porsche vs. Ferrari.,-.4
tsla,Jul-06-21,10:05AM  ,Tesla Breaks Record on Q2 Deliveries: ETFs to Tap,.5
tsla,Jul-06-21,08:34AM  ,40 of the hottest stocks in the market so far in 2021,0
tsla,Jul-06-21,07:15AM  ,2 Reasons Why Fisker's an Electrifying EV Maker,0
tsla,Jul-06-21,07:00AM  ,"Fake Tesla, Apple Stocks Have Started Trading on Blockchains",0
tsla,Jul-06-21,06:00AM  ,Elon Musk shares then deletes bizarre Warren Buffett crypto meme,0
tsla,Jul-06-21,05:30AM  ,How the EV Industry Is Trying to Fix Its Charging Bottleneck,.2
tsla,Jul-06-21,05:20AM  ,Bull of the Day: NVIDIA (NVDA),.5
tsla,Jul-06-21,04:42AM  ,Bitcoin pares gains as China closes company over crypto trading,-.2
tsla,Jul-05-21,05:45PM  ,Tesla (TSLA) Gains But Lags Market: What You Should Know,.3
tsla,Jul-05-21,04:30PM  ,10 Best Renewable Energy Stocks to Buy According to Hedge Funds,.2
tsla,Jul-05-21,01:02PM  ,10 Biggest Hedge Fund Casualties of Reddit WallStreetBets Short Squeezes,-.3
tsla,Jul-05-21,12:18PM  ,Why Churchill Capital IV Stock Soared 46% in June,.6
tsla,Jul-05-21,10:26AM  ,10 Stocks Michael Burry is Selling,-.6
tsla,Jul-05-21,10:16AM  ,Tesla Drivers Are Still Waiting For Latest Full Self Driving Update,-.2
tsla,Jul-05-21,10:11AM  ,12 Best Environmental Stocks to Invest In,.3
tsla,Jul-05-21,08:59AM  ,"Auto Stock Roundup: VWAGY Closes Merger With Navistar, F Cuts Production & More",0
tsla,Jul-05-21,06:00AM  ,Tesla Model 3 named best selling car in Britain,.4
tsla,Jul-05-21,05:05AM  ,Wall Street Is Completely Clueless About These 3 Popular Stocks,.3
tsla,Jul-05-21,04:47AM  ,Bitcoin struggles for momentum as crypto starts week in the red,-.5
tsla,Jul-04-21,07:51AM  ,Could Tesla Build 1 Million Vehicles This Year?,.2
tsla,Jul-04-21,07:30AM  ,From Cathie Wood Stocks to Bitcoin: 3 Explosive Strategies for Reaching Financial Independence,.1
tsla,Jul-03-21,11:24AM  ,10 Best Roth IRA Stocks to Buy According to Reddit,.1
tsla,Jul-03-21,11:05AM  ,"Tesla's Quarterly Deliveries Soar, Hitting Record High",.7
tsla,Jul-03-21,07:00AM  ,Tesla's Under Pressure in China. Here Are 3 EV Companies That Can Capitalize on This,-.3
tsla,Jul-02-21,08:00PM  ,"Chinas Hot EV and Solar Stocks Have More Room to Run, Funds Say",.3
tsla,Jul-02-21,04:35PM  ,"Stock Market Rally: S&P 500, Nasdaq Hit Highs; Facebook, Tesla, Nio, Intellia, Didi IPO, OPEC+ In Focus",.2
tsla,Jul-02-21,04:27PM  ,"Tesla Q2 Deliveries Hit New High, Meet Estimates",.4
tsla,Jul-02-21,04:18PM  ,"Li Auto Reports Booming Q2 Sales, Joining China EV Rivals Nio, Xpeng",.4
tsla,Jul-02-21,04:01PM  ,"Stock market news live updates: Dow, S&P 500, Nasdaq set fresh record highs after June payrolls beat estimates",.3
tsla,Jul-02-21,03:23PM  ,"Teslas quarterly deliveries milestone, Model S Plaid catches fire",.6
tsla,Jul-02-21,03:18PM  ,Tesla Stock Gets No Help From Record Deliveries. Heres What Wall Street Thinks.,-.2
tsla,Jul-02-21,03:07PM  ,"Dow Jones Rallies As Apple, Microsoft Lead; AMC Stock Dives; Tesla Delivery Gains Vanish",-.3
tsla,Jul-02-21,02:32PM  ,"Mega caps liking job numbers, Tesla's Q2 delivery record, RIDE & DiDi dive",.3
tsla,Jul-02-21,01:37PM  ,Teslas sales show company is weathering chips shortage better than other auto makers,.4
tsla,Jul-02-21,12:48PM  ,Inside billionaire Elon Musks surprising home worth just $50k,0
tsla,Jul-02-21,12:06PM  ,Why Tesla Stock Moved Higher Friday,.3
tsla,Jul-02-21,11:40AM  ,GM vs. TSLA: Which Stock Is the Better Value Option?,0
tsla,Jul-02-21,10:42AM  ,Germany to reach 1 million electric cars on its roads in July as competition intensifies,.2
tsla,Jul-02-21,10:28AM  ,Tesla Reported Record Deliveries. Why Thats Not Good Enough to Change the Narrative.,-.2
tsla,Jul-02-21,09:55AM  ,"Tesla quarterly deliveries hit 200K, stock trades higher",.3
tsla,Jul-02-21,09:50AM  ,"Tesla Delivered a Record 201,250 Cars in Second Quarter",.4
tsla,Jul-02-21,09:42AM  ,Owning stocks is a privilege of the few: Betterment CEO,0
tsla,Jul-02-21,09:20AM  ,Li Auto's electric vehicle deliveries reach new highs,.2
tsla,Jul-02-21,09:01AM  ,"US STOCKS-S&P 500, Nasdaq set for record open after strong June jobs report",.3
tsla,Jul-02-21,08:53AM  ,"Tesla delivered more than 200,000 vehicles in Q2, roughly in line with expectations",.4
tsla,Jul-02-21,08:46AM  ,"UPDATE 3-Tesla Q2 deliveries meet analysts' estimates despite chip shortage, shares gain",.5
tsla,Jul-02-21,08:37AM  ,"Tesla Q2 deliveries meet analysts' estimates despite chip shortage, shares gain",.5
tsla,Jul-02-21,08:36AM  ,Are Options Traders Betting on a Big Move in Tesla (TSLA) Stock?,.3
tsla,Jul-02-21,08:34AM  ,Tesla Q2 2021 Vehicle Production & Deliveries,0
tsla,Jul-02-21,08:28AM  ,"Alibabas Ma, Tsai Pledged Shares for Bank Loans, FT Reports",0
tsla,Jul-02-21,07:52AM  ,Richard Branson Aims to Beat Jeff Bezos to Space,0
tsla,Jul-02-21,04:47AM  ,"Tesla Deliveries Top 200,000 In Record Quarter On China Demand; Shares Dip",-.2
tsla,Jul-02-21,01:45AM  ,"Tesla top-of-range car caught fire while owner was driving, lawyer says",-.5
tsla,Jul-02-21,01:36AM  ,"Tesla top-of-range car caught fire while owner was driving, lawyer says",-.5
tsla,Jul-02-21,01:10AM  ,"Jobs Report, Virgin Galactic, Tesla and Robinhood: 5 Things You Must Know",0
tsla,Jul-01-21,05:29PM  ,10 Stocks Both Reddits WallStreetBets and Hedge Funds Love,.3
tsla,Jul-01-21,03:18PM  ,Why Index Funds Often Buy Stocks Like Tesla High and Sell Low,.3
tsla,Jul-01-21,03:04PM  ,Why Churchill Capital IV Stock Soared This Week,.4
tsla,Jul-01-21,02:37PM  ,Index Funds Routinely Buy High and Sell Low. Tesla Is Just One Example.,.3
tsla,Jul-01-21,01:00PM  ,Can China's EV Players Catch Up to Tesla?,.2
tsla,Jul-01-21,12:34PM  ,Elon Musk is wrong about bitcoin mining sustainability: VBit CEO,-.3
tsla,Jul-01-21,10:40AM  ,10 Best Cryptocurrencies to Invest in According to Reddit,.3
tsla,Jul-01-21,10:04AM  ,"Nios strong Q2 sales, Xpeng raises $1.8 billion, ViacomCBS C-suite changes",.3
tsla,Jul-01-21,10:02AM  ,Tesla Trading Pattern Looks Bleak After Tough Start to 2021,-.6
tsla,Jul-01-21,09:05AM  ,"Elon Musk Thrusts Baby Doge Into the Spotlight, Meme Coin Soars",0
msft,Jul-07-21,07:07PM  ,Dow Jones Futures: Apple Leads Market Rally After Fed Minutes; Meme Stock Newegg Rockets,.4
msft,Jul-07-21,06:56PM  ,The pandemic is inspiring some companies to test 4-day workweeks  but will it hurt productivity?,.2
msft,Jul-07-21,05:45PM  ,Microsoft (MSFT) Outpaces Stock Market Gains: What You Should Know,.7
msft,Jul-07-21,05:18PM  ,10 Top Hedge Funds Focusing on ESG and Impact Investing,.3
msft,Jul-07-21,04:25PM  ,Is Microsoft Stock A Buy Ahead Of Software Giant's June-Quarter Earnings Report?,.2
msft,Jul-07-21,03:55PM  ,The JEDI reboot allows U.S. to correct its mistake,-.3
msft,Jul-07-21,02:47PM  ,Factbox-Six things to know about the Pentagon's defunct JEDI contract,.1
msft,Jul-07-21,02:34PM  ,Amazon CEO Andy Jassy is inheriting a behemoth that is under siege,-.1
msft,Jul-07-21,02:19PM  ,"Mega caps love plunging yields, meme stock Newegg doubles",-.3
msft,Jul-07-21,12:41PM  ,Amazon Shares Leap 4.7% as Pentagon Cancels $10B JEDI Cloud Contract with Microsoft  Report,.4
msft,Jul-07-21,12:00PM  ,"Users must update PCs  as soon as possible as Windows left vulnerable to massive flaw, Microsoft says",-.6
msft,Jul-07-21,11:30AM  ,"Dow Jones Rallies As Yields Dive; Tesla Stock Extends Losses, While Amazon, Apple, Shopify In Buy Zones",-.5
msft,Jul-07-21,10:35AM  ,"Pentagon cancels cloud contract, Universal films head to Peacock, Chobani to go public",0
msft,Jul-07-21,10:23AM  ,Microsoft (MSFT) Faces Blow as DoD Abandons $10B JEDI Deal,-.4
msft,Jul-07-21,10:14AM  ,"Big tech rally: Amazon at record high, Apple extends gains",.3
msft,Jul-07-21,09:40AM  ,"Company News for Jul 7, 2021",0
msft,Jul-07-21,09:30AM  ,Is Salesforce Stock A Buy? Slack Deal Synergies Key For Digital Transformation Leader,0
msft,Jul-07-21,09:08AM  ,10 Best Dividend Stocks to Buy According to English Warren Buffett Terry Smith,0
msft,Jul-07-21,08:13AM  ,"Dow Jones Futures: Crude Oil Rebounds, Treasury Yields Keep Falling; Amazon, Shopify Lead 5 Techs In Buy Zones",.2
msft,Jul-07-21,07:54AM  ,Amazons Jeff Bezos Is Getting Richerand You Can Too,0
msft,Jul-07-21,07:00AM  ,A Company Called Mmhmm Just Raised $100 Million,.3
msft,Jul-07-21,05:05AM  ,These Top-10 Robinhood Stocks Are Anything But Crazy Picks,.1
msft,Jul-07-21,04:29AM  ,"Pentagon Opts to Split Cloud Deal Between Microsoft, Amazon",0
msft,Jul-07-21,03:28AM  ,"Organized Chaos, Growth Concerns, COVID Variant, Trading Amazon and Microsoft",0
msft,Jul-07-21,03:04AM  ,Nintendo Unveils $350 Switch With Display That Still Lags Rivals,-.5
msft,Jul-07-21,03:02AM  ,U.S. Futures Edge Higher; FOMC Minutes Dominate,.3
msft,Jul-07-21,02:00AM  ,Amazon Notches Comeback Win in Years-Long Pentagon Cloud Battle,.5
msft,Jul-06-21,09:51PM  ,Russian hackers reportedly targeted Republican National Committee,-.6
msft,Jul-06-21,07:30PM  ,Is This The Hottest ESG Stock Of 2021?,0
msft,Jul-06-21,06:15PM  ,U.S. Republican National Committee says its data not accessed in hack,0
msft,Jul-06-21,06:08PM  ,UPDATE 1-U.S. Republican National Committee says its data not accessed in hack,0
msft,Jul-06-21,06:08PM  ,These 2 Stock Giants Have Quietly Risen Toward All-Time Highs,.5
msft,Jul-06-21,05:31PM  ,"Dow Jones Futures: Amazon, Shopify Lead 5 Techs Entering Buy Zones; Tesla Falls As China, Energy Stocks Hit Hard In Market Rally",-.4
msft,Jul-06-21,04:58PM  ,Pentagon to rebid Jedi cloud contract,0
msft,Jul-06-21,04:58PM  ,TIMELINE-The fight by Microsoft and Amazon for the Pentagon's cloud contract,-.3
msft,Jul-06-21,04:39PM  ,"Pentagon Cancels JEDI Contract, Sets Stage For Microsoft-Amazon Rematch",-.5
msft,Jul-06-21,04:22PM  ,The fight by Microsoft and Amazon for the Pentagon's cloud contract,-.4
msft,Jul-06-21,04:20PM  ,Amazon stock rides to record as JEDI deal gets canceled on new CEOs first day,.6
msft,Jul-06-21,04:12PM  ,TIMELINE-Pentagon's cloud deal latest Trump move halted by Biden,-.4
msft,Jul-06-21,04:12PM  ,Microsofts JEDI Contract Canceled in Big Win for Amazon,.5
msft,Jul-06-21,04:00PM  ,"Can Google, Tesla, Microsoft, CrowdStrike, PayPal Keep The Tech Train Rolling?",.2
msft,Jul-06-21,03:42PM  ,Microsoft and Amazon could both come out on top now that Project JEDI is dead,.5
msft,Jul-06-21,03:06PM  ,Pentagon scraps $10B JEDI cloud contract award to Microsoft,-.8
msft,Jul-06-21,02:51PM  ,"Pentagon scraps Trump's $10 billion cloud deal for Microsoft, reviving Amazon bid",-.5
msft,Jul-06-21,02:37PM  ,"Record Everything in U.S. Stock Market, Including Retail Froth",.8
msft,Jul-06-21,02:31PM  ,"Bonds spook stocks, Microsoft loses Jedi contract, China crashes DiDi, Southwest cancels flights ahead of Elsa",-.8
msft,Jul-06-21,02:26PM  ,Is Amazon stock ready for blast-off before Jeff Bezos reaches space?,0
msft,Jul-06-21,01:01PM  ,Pentagon abruptly cancels $10 billion JEDI cloud contract,-.7
msft,Jul-06-21,12:46PM  ,Pentagon calls off $10B JEDI cloud contract,-.7
msft,Jul-06-21,12:34PM  ,"Pentagon scraps Trump's $10 billion cloud deal for Microsoft, reviving Amazon bid",-.6
msft,Jul-06-21,12:32PM  ,"UPDATE 5-Pentagon scraps Trump's $10 billion cloud deal for Microsoft, reviving Amazon bid",-.6
msft,Jul-06-21,11:01AM  ,Synnex Defends Its Role In Friday Cybersecurity Attacks,.3
msft,Jul-06-21,11:00AM  ,Microsoft (MSFT) Eyes Bigger Share as Video Gaming Thrives,.6
msft,Jul-06-21,10:27AM  ,"Pentagon May Split $10B Computing Pact Between Microsoft, Amazon",.4
msft,Jul-06-21,10:20AM  ,10 Best SPACs to Buy According to SoftBanks Masayoshi Son,.2
msft,Jul-06-21,09:23AM  ,10 Best Dividend Stocks to Buy According to James Parsons Junto Capital Management,.2
msft,Jul-06-21,08:44AM  ,Is Snowflake Stock A Buy? Software Maker Sets Path To $10 Billion In Revenue By 2028,.1
msft,Jul-06-21,08:11AM  ,Dow Jones Futures: Crude Oil Prices Hit 6-Year High On Divided OPEC+; Didi IPO Crashes,0
msft,Jul-06-21,08:00AM  ,Cloud Stocks Change Name Of The Cloud Computing Game With 'Containers',0
msft,Jul-06-21,04:03AM  ,Where to buy Xbox series X: Restock updates and how to pre-order Microsofts next-gen console,0
msft,Jul-06-21,02:30AM  ,Big Tech Antitrust Battle Continues: Risks And Opportunities For Investors,-.3
msft,Jul-05-21,11:41AM  ,"Dow Jones Futures: Apple, Google, Tech Titans Drive Stock Market Rally; Divided OPEC+ Postpones Talks",.2
msft,Jul-05-21,10:34AM  ,"10 best tablets from Apple, Android, Windows and more",.2
msft,Jul-05-21,10:11AM  ,12 Best Environmental Stocks to Invest In,.2
msft,Jul-05-21,08:00AM  ,5 Best Leveraged ETFs of Last Week,.2
msft,Jul-05-21,06:09AM  ,Jeff Bezos Steps Down as CEO on Monday. Heres What It Means for Amazons Stock.,0
msft,Jul-03-21,04:54PM  ,Biden Says Not Sure If Russia Is Behind Latest Cyberattack,0
msft,Jul-03-21,04:39PM  ,Massive Ransomware Attack May Impact Thousands of Victims,-.3
msft,Jul-03-21,06:15AM  ,Why the Global Minimum Tax Deal Is a Win for Silicon Valley,.3
msft,Jul-02-21,04:42PM  ,"Dow Jones Rises On Strong Economic Data While S&P 500, Nasdaq Hit New Highs; Apple Stock Trades In Buy Zone",.2
msft,Jul-02-21,03:07PM  ,"Dow Jones Rallies As Apple, Microsoft Lead; AMC Stock Dives; Tesla Delivery Gains Vanish",.2
msft,Jul-02-21,02:32PM  ,"Mega caps liking job numbers, Tesla's Q2 delivery record, RIDE & DiDi dive",-.4
msft,Jul-02-21,02:03PM  ,These 3 No-Brainer Stocks Are Leading the Market Higher Friday,.3
msft,Jul-02-21,12:22PM  ,"Dow Jones Up As Microsoft, Apple Lead; Stock Market Rallies On Strong Jobs Data",.6
msft,Jul-02-21,10:54AM  ,"Jeff Bezos made Amazon a behemoth, but his legacy is complicated",0
msft,Jul-02-21,09:31AM  ,Apple Could Become Google's Biggest Cloud Customer,.4
msft,Jul-02-21,08:59AM  ,10 Best Young Stocks To Buy and Hold For 20 Years,.3
msft,Jul-02-21,06:00AM  ,Absolutely a Sprint: How Andy Jassy Raced to the Top of Amazon,.2
msft,Jul-01-21,04:47PM  ,Can Microsoft Stock Deliver On Its Second Act?,0
msft,Jul-01-21,01:33PM  ,"Amazon Eyeing 'Rebel Alliance' With Dropbox, Slack To Challenge Microsoft: Insider",0
msft,Jul-01-21,10:40AM  ,10 Best Cryptocurrencies to Invest in According to Reddit,.2
msft,Jul-01-21,10:37AM  ,Amazon Held Talks About Business App Bundle: Insider,0
msft,Jul-01-21,10:24AM  ,Microsoft (MSFT) Azure Cloud Chosen by AT&T to Run 5G Network,.1
msft,Jul-01-21,09:53AM  ,Top 20 Internet Companies in India,.1
msft,Jul-01-21,09:24AM  ,AT&T (T) to Move 5G Mobile Network to Microsoft Azure,.2
msft,Jul-01-21,09:09AM  ,Will Windows 11 Help or Harm Microsoft Investors?,0
msft,Jul-01-21,08:00AM  ,Tech Stocks Are On Fire Again; How To Play It,.3
msft,Jun-30-21,10:14PM  ,German Launch Startup Pitches Taxi to Space: Catalyst Update,0
msft,Jun-30-21,04:56PM  ,10 Best ESG Stocks to Buy Now,.1
msft,Jun-30-21,04:54PM  ,Best Dow Jones Stocks This Year Include Last-Minute Surprise,.1
msft,Jun-30-21,03:42PM  ,"AT&T To Migrate 5G Mobile Network To Microsoft Cloud, Microsoft To Acquire AT&T's Network Cloud Platform, Engineering, Lifecycle Management Software",.2
msft,Jun-30-21,02:15PM  ,Microsoft exec says U.S. government secretly seeks Americans data thousands of times a year,0
msft,Jun-30-21,12:57PM  ,FBI Muscles Up Against Hackers With Breaches Going Bananas,.3
msft,Jun-30-21,12:55PM  ,Slack CEO on Microsoft's Windows 11: 'I don't think it's a fair tactic',-.3
msft,Jun-30-21,12:31PM  ,UPDATE 1-U.S. lawmakers say it is time to boost privacy protections around cloud data,.3
msft,Jun-30-21,12:21PM  ,Google and Microsoft End Their Five-Year Cease-Fire,0
msft,Jun-30-21,11:44AM  ,Microsoft's (MSFT) Cloud Gaming Comes to Windows 10 PCs & iOS,0
msft,Jun-30-21,11:04AM  ,AT&T to run core 5G network on Microsoft's cloud,.1
msft,Jun-30-21,11:00AM  ,Here's What Bill Gates Has to Say About Bitcoin,0
msft,Jun-30-21,10:35AM  ,REFILE-AT&T to run core 5G network on Microsoft's cloud,0
swks,Jul-07-21,05:45PM  ,Skyworks Solutions (SWKS) Stock Sinks As Market Gains: What You Should Know,-.5
swks,Jul-06-21,03:23PM  ,Why Skyworks Solutions Stock Ran 13% Higher in June,.5
swks,Jul-06-21,10:13AM  ,Is Skyworks Solutions Inc (SWKS) A Good Stock To Buy?,0
swks,Jul-02-21,09:17AM  ,Taking Another Look at Skyworks Solutions,.1
swks,Jul-01-21,03:29PM  ,3 Stocks To Buy In Spaces Where Demand Outpaces Supply,.1
swks,Jun-30-21,05:45PM  ,Skyworks Solutions (SWKS) Outpaces Stock Market Gains: What You Should Know,.5
swks,Jun-30-21,07:48AM  ,"Dow Jones Futures: Market Rally Keeps Rising As Apple, iPhone Chipmakers Near Buy Points; Didi Prices $4 Billion IPO",.3
swks,Jun-30-21,05:40AM  ,Morning Bell With Jim Cramer: Skyworks and Apple - Shhh!,.3
swks,Jun-29-21,11:34AM  ,"Ahead of the Apple iPhone 13 Launch, These Chip Makers Look Like Buys",.2
swks,Jun-29-21,10:36AM  ,Cirrus and Skyworks Rise as Barclays Cites Apple Connection,.5
swks,Jun-23-21,08:02AM  ,Skyworks and Xilinx Enable 5G Across Newly Available C-band Spectrum,.4
swks,Jun-22-21,05:45PM  ,Skyworks Solutions (SWKS) Gains But Lags Market: What You Should Know,.3
swks,Jun-22-21,04:43AM  ,Here's Why We Think Skyworks Solutions (NASDAQ:SWKS) Is Well Worth Watching,.6
swks,Jun-18-21,12:02PM  ,7 Apple Supplier Stocks Every AAPL Advocate Needs To Know,0
swks,Jun-16-21,05:45PM  ,Skyworks Solutions (SWKS) Stock Moves -0.4%: What You Should Know,-.1
swks,Jun-10-21,05:45PM  ,Skyworks Solutions (SWKS) Outpaces Stock Market Gains: What You Should Know,.4
swks,Jun-10-21,09:48AM  ,3 No-Brainer Stocks to Buy That Benefit From the Internet of Things,.3
swks,Jun-09-21,10:50AM  ,Skyworks Solutions or Qorvo: Which 5G Stock Should You Buy With $200?,0
swks,Jun-09-21,08:45AM  ,10 Best Dividend Stocks to Buy Now According to Billionaire Kerr Neilson,.1
swks,Jun-04-21,05:45PM  ,Skyworks Solutions (SWKS) Outpaces Stock Market Gains: What You Should Know,.3
swks,May-28-21,05:45PM  ,Skyworks Solutions (SWKS) Stock Sinks As Market Gains: What You Should Know,-.3
swks,May-27-21,08:19AM  ,"When Should You Buy Skyworks Solutions, Inc. (NASDAQ:SWKS)?",0
swks,May-26-21,07:30AM  ,2 Top 5G Stocks to Buy in a 2021 Market Crash,0
swks,May-20-21,09:03AM  ,3 Reasons Tech Stocks Are a Buy Right Now,0
swks,May-14-21,07:45AM  ,Will Apple's 5G Modem Development Sink Skyworks Solutions?,-.2
swks,May-13-21,08:30AM  ,Liam K. Griffin Elected Chairman of the Board of Skyworks,0
swks,May-12-21,08:43PM  ,"Skyworks Solutions, Inc. Announces Pricing of $1.5 Billion Senior Note Offering",0
swks,May-10-21,04:32PM  ,Were Hedge Funds Right About Skyworks Solutions (SWKS)?,0
swks,May-10-21,04:12PM  ,"Why Qualcomm, Micron Technology, and Skyworks Solutions Fell Today",-.3
swks,May-10-21,10:11AM  ,5G Stocks To Buy And Watch: Smartphones Rule Today But Enterprise Plays Will Kick In,.1
swks,May-10-21,09:06AM  ,3 5G Stocks to Buy Right Now,0
swks,May-09-21,06:18AM  ,Skyworks Solutions Taps  Into Lucrative Automotive Semiconductor Industry,.4
swks,May-07-21,07:45AM  ,3 Top Semiconductor Stocks to Buy After Q1 2021 Earnings,.1
swks,May-05-21,05:45PM  ,Skyworks Solutions (SWKS) Outpaces Stock Market Gains: What You Should Know,.4
swks,May-04-21,09:09AM  ,Don't Forget to Buy This Top Growth Stock in May,.1
swks,May-03-21,11:00AM  ,2 Stocks Are Down Big From Their 52-Week Highs. Are These Buying Opportunities?,-.2
swks,May-03-21,08:21AM  ,Skyworks Delivers Modest Earnings Beat In 2Q,.1
swks,Apr-30-21,05:37PM  ,"Skyworks Edges Past Q2 Estimates, but Its Stock Falls 8% Anyway",-.3
swks,Apr-30-21,04:24PM  ,Semiconductor Stocks Look Like Brad Pitt But Who Cares?,0
swks,Apr-30-21,02:02PM  ,Why Skyworks Solutions Stock Crashed 7.7% After Beating Earnings,-.6
swks,Apr-30-21,11:31AM  ,Skyworks Shares Fall Despite Earnings Beat. Investors Wanted More.,-.8
swks,Apr-30-21,10:38AM  ,"Skyworks' (SWKS) Q2 Earnings Beat, Stock Down on Q3 View",-.6
swks,Apr-30-21,08:29AM  ,"Skyworks Solutions Shares Are Trading Lower Despite Q3 Earnings Beat, Robust Q4 Guidance",-.5
swks,Apr-30-21,08:17AM  ,"Dow Jones Futures Fall: Amazon Flashes Buy Sign But Apple Suppliers, Nio, Twitter Lead Earnings Losers",-.9
swks,Apr-30-21,07:39AM  ,Skyworks Slumps Despite Price Target Upgrades,-.7
swks,Apr-29-21,09:31PM  ,Skyworks Solutions (SWKS) Q2 2021 Earnings Call Transcript,0
swks,Apr-29-21,06:15PM  ,Skyworks Solutions (SWKS) Beats Q2 Earnings and Revenue Estimates,.5
swks,Apr-29-21,04:58PM  ,Wireless-Chip Maker Skyworks Squeaks By Second-Quarter Targets,.2
swks,Apr-29-21,04:01PM  ,Skyworks Reports Q2 FY21 Results,0
swks,Apr-29-21,02:30PM  ,"Skyworks Solutions, Inc. to Host Earnings Call",0
swks,Apr-29-21,02:07PM  ,"Skyworks Tops Adjusted Earnings Estimates, Offers Tepid Guidance",-.3
swks,Apr-29-21,08:30AM  ,Here's How Much You'd Have If You Invested $1000 in Skyworks Solutions a Decade Ago,0
swks,Apr-28-21,10:00AM  ,Skyworks Reduces Its Dependence on Apple With a $2.75 Billion Deal,.2
swks,Apr-28-21,08:38AM  ,Should You Buy Skyworks (SWKS) Ahead of Earnings?,0
swks,Apr-28-21,07:05AM  ,Silicon Labs Announces Record Quarterly Revenue,.3
swks,Apr-28-21,05:09AM  ,Morning Bell With Jim Cramer: Buy Skyworks Solutions,.7
swks,Apr-27-21,09:47AM  ,5G Content Expansion to Drive Skyworks' (SWKS) Q2 Earnings,.4
swks,Apr-27-21,06:23AM  ,"Calculating The Fair Value Of Skyworks Solutions, Inc. (NASDAQ:SWKS)",0
swks,Apr-26-21,04:15PM  ,"Dow Jones Dips, Nasdaq Hits Record; Biden Admin Defends Tax Hike; Tesla Falls Late",-.5
swks,Apr-26-21,02:47PM  ,Skyworks Lifts Nasdaq Ahead of Earnings; CRISPR Keeps Moving Forward,.4
swks,Apr-26-21,01:46PM  ,Dow Jones Slips While Nasdaq Leads Upside; Several Growth Stocks Score Breakouts,.3
swks,Apr-26-21,12:19PM  ,Skyworks Breaks Out Again On Chip Strength,.6
swks,Apr-26-21,11:39AM  ,Why Skyworks Solutions Stock Climbed to All-Time Highs on Monday,.6
swks,Apr-26-21,11:13AM  ,Skyworks Solutions (SWKS) Recently Broke Out Above the 20-Day Moving Average,.6
swks,Apr-26-21,05:20AM  ,Skyworks Solutions' Charts Are a Little Cloudy but Still Bullish,.3
swks,Apr-23-21,03:54PM  ,"Cramer's Mad Money Recap: Skyworks, AEP, Nucor",0
swks,Apr-23-21,12:03PM  ,Why Silicon Laboratories Stock Jumped Today,.2
swks,Apr-23-21,10:00AM  ,"Dow Jones Today, Stocks Mixed, Nasdaq Leads; Skyworks, Boston Beer Jump; Intel, AmEx Dive",.3
swks,Apr-23-21,08:18AM  ,"Dow Jones Futures: Bitcoin Dives To $50,000; Intel, Snap Key Movers After Biden Capital Gains Tax Hike Plan Hits Market Rally",-.2
swks,Apr-23-21,08:11AM  ,Silicon Lab's Stock Is Trading Higher On Skyworks $2.75B Acquisition Of Infrastructure & Automotive Business,.3
swks,Apr-23-21,06:16AM  ,Skyworks Snaps Up Silicon Labs Infrastructure and Automotive Business For $2.75B,.4
swks,Apr-23-21,05:37AM  ,"Skyworks Eyes EV, 5G Markets With $2.75B Deal for Silicon Labs Units",.3
swks,Apr-23-21,04:09AM  ,"Dow Jones Futures: Bitcoin Dives Below $50,000, Intel, Snap Key Movers After Biden Capital Gains Tax Hike Plan Hits Market Rally",-.2
swks,Apr-22-21,10:37PM  ,"Dow Jones Futures: Bitcoin Plunges Below $50,000, Intel, Snap Key Movers After Biden Capital Gains Tax Hike Plan Hits Market Rally",-.2
swks,Apr-22-21,06:57PM  ,Skyworks Acquiring Silicon Labs' Infrastructure and Auto Business for $2.75 Billion,.3
swks,Apr-22-21,06:45PM  ,"UPDATE 2-Silicon Labs to sell unit to Skyworks for $2.75 bln, shares surge after hours",.5
swks,Apr-22-21,06:14PM  ,Skyworks Is Buying a Chip Unit From Silicon Labs. Heres What It Means for the Stock.,.4
swks,Apr-22-21,05:22PM  ,"Skyworks, Silicon Labs shares rise after companies announce $2.75B deal",.5
swks,Apr-22-21,04:24PM  ,CORRECTED-UPDATE 1-Silicon Labs to sell infrastructure and auto unit to Skyworks for $2.75 billion,.4
swks,Apr-22-21,04:14PM  ,"Silicon Labs to sell unit to Skyworks for $2.75 billion, shares surge after hours",.5
swks,Apr-22-21,04:05PM  ,Skyworks to Acquire the Infrastructure & Automotive Business of Silicon Labs,.7
swks,Apr-22-21,12:33PM  ,Skyworks Solutions (SWKS) Reports Next Week: Wall Street Expects Earnings Growth,0
swks,Apr-22-21,11:20AM  ,Why This 5G Stock Can Burst Higher This Earnings Season,.2
swks,Apr-20-21,05:45PM  ,Skyworks Solutions (SWKS) Dips More Than Broader Markets: What You Should Know,-.2
swks,Apr-20-21,08:30AM  ,Here's How Much You'd Have If You Invested $1000 in Skyworks Solutions a Decade Ago,0
swks,Apr-19-21,08:30AM  ,Here's How Much You'd Have If You Invested $1000 in Skyworks Solutions a Decade Ago,0
swks,Apr-18-21,07:00AM  ,3 5G Stocks to Buy Before They Take Off Again,.1
swks,Apr-16-21,09:40AM  ,3 Great Dividend Stocks Whose Payouts Could Double,.1
swks,Apr-15-21,04:45PM  ,Skyworks Sets Date for Second Quarter Fiscal 2021 Earnings Release and Conference Call,0
swks,Apr-13-21,05:45PM  ,Skyworks Solutions (SWKS) Outpaces Stock Market Gains: What You Should Know,.3
swks,Apr-12-21,08:21AM  ,Dow Jones Futures Fall With Bull Market Rally Running: Alibaba Jumps After Fine; 5 Stocks Near Buy Points,.1
swks,Apr-09-21,04:25PM  ,"Apple iPhone 12 Sales Seen Getting Lift From Tax Refunds, Stimulus Checks",.3
swks,Apr-06-21,12:10PM  ,Can Skyworks (SWKS) Keep the Earnings Surprise Streak Alive?,0
swks,Apr-04-21,08:36AM  ,3 Dividend-Paying Tech Stocks to Buy Right Now,.1
swks,Apr-01-21,11:11AM  ,Skyworks Looks Oddly Cheap In A Hot Semiconductor Market,.3
swks,Apr-01-21,10:57AM  ,10 Best 5G Stocks to Buy Now,.1
swks,Mar-31-21,05:22PM  ,"Dow Jones Futures: Stock Market Rallies On Biden Infrastructure Plan; Micron In Buy Range; Tesla, Nio Deliveries On Tap",.2
swks,Mar-31-21,08:53AM  ,5 IoT Stocks to Boost Portfolio on 5G Boom-Led Demand Uptick,.1
swks,Mar-31-21,06:40AM  ,4 Semiconductor Stocks to Gain From the Ongoing Chip Shortage,.1
swks,Mar-30-21,06:44AM  ,Tyler's (TYL) NIC Takeover on Track as HSR Waiting Period Ends,0
wkhs,Jul-07-21,06:36PM  ,Why Workhorse Group Dropped Again Wednesday,-.3
wkhs,Jul-06-21,09:42AM  ,Avoid Workhorse -- This Electric Vehicle Company Is a Better Investment,.3
wkhs,Jul-05-21,04:30PM  ,10 Best Renewable Energy Stocks to Buy According to Hedge Funds,.2
wkhs,Jul-02-21,04:07PM  ,Why EV Stock Workhorse Group Plunged Today,-.2
wkhs,Jun-29-21,08:29AM  ,"Forget WKHS, Tap These 3 Non-Meme Stocks to Play the EV Boom",-.6
wkhs,Jun-29-21,05:35AM  ,Workhorse Jumps As Reddit Gang Is Talking About It Again,.5
wkhs,Jun-28-21,04:06PM  ,Why Electric Vehicle Stocks Are Up Today,.2
wkhs,Jun-28-21,08:53AM  ,Workhorse Group Jumps as Reddit Investors Pile In,.5
wkhs,Jun-25-21,06:00AM  ,Workhorse Looks Like Its Probably Dead in the Water Here,-.9
wkhs,Jun-24-21,04:58PM  ,Forget AMC and Gamestop: 10 New Stocks Reddits WallStreetBets Is Buying,0
wkhs,Jun-22-21,10:30AM  ,UPDATE 2-Oshkosh to build new U.S. Postal delivery vehicles in South Carolina,.3
wkhs,Jun-21-21,10:24AM  ,10 Best Alternative Energy Stocks to Buy Now,0
wkhs,Jun-18-21,11:05AM  ,Workhorse Stock Is Still a Buy Based On Long-Term Prospects,.4
wkhs,Jun-17-21,03:53PM  ,"'In the streaming world, local television simply doesnt exist': CEO of MNTN",0
wkhs,Jun-16-21,04:45PM  ,Workhorse Files Formal Complaint Regarding USPS NGDV Contract,.3
wkhs,Jun-16-21,02:24PM  ,Why Workhorse Stock Just Popped,.3
wkhs,Jun-16-21,11:22AM  ,Workhorse challenges USPS decision to award vehicle contract to Oshkosh,.3
wkhs,Jun-15-21,08:32AM  ,Do Options Traders Know Something About Workhorse (WKHS) Stock We Don't?,0
wkhs,Jun-15-21,08:31AM  ,WKHS Caught Up in the 'Meme' Mania: Time to Cash Out?,-.3
wkhs,Jun-14-21,02:04PM  ,"Here are the biggest short squeezes in the stock market, including Virgin Galactic and AMC Networks",-.3
wkhs,Jun-14-21,01:34PM  ,Lordstown Motors: Here's the next shoe to probably drop on battered investors,-.7
wkhs,Jun-11-21,01:47PM  ,Top Electric Car Stocks for Q3 2021,.1
wkhs,Jun-10-21,03:28AM  ,Lordstown Motors vs. Workhorse Group: Which Commercial EV Stock Is A Better Pick?,0
wkhs,Jun-09-21,04:36AM  ,"Premarket Movers Wednesday: Wendy's, Workhorse, SPI Energy",.2
wkhs,Jun-09-21,01:38AM  ,Clover Health Surges 11% as Meme Stock Rally Continues,.1
wkhs,Jun-08-21,04:17PM  ,Clover Health Roars to Record as Short Sellers Get Burned,-.2
wkhs,Jun-08-21,03:56PM  ,Top Car Stocks for Q3 2021,.1
wkhs,Jun-08-21,03:40PM  ,"Why Workhorse Group, Lordstown Motors, and XL Fleet Stocks All Moved Higher Today",.2
wkhs,Jun-08-21,08:46AM  ,Workhorse Group Jumps Along With the Meme Stocks,.4
wkhs,Jun-04-21,02:33PM  ,"Tesla bounces back, Musk spooks Bitcoin, Facebook suspends Trump",-.2
wkhs,Jun-04-21,11:48AM  ,Why Workhorse Group Stock Crashed Friday,-.6
wkhs,Jun-04-21,10:36AM  ,"Workhorse stock gets downgraded by Cowen, 'no catalyst going forward'",-.8
wkhs,Jun-04-21,08:20AM  ,Why Workhorse Group Stock Fell 24.4% in May,-.9
wkhs,Jun-04-21,08:10AM  ,Workhorse Group Drops Following Cowen Downgrade,-.6
wkhs,Jun-04-21,07:23AM  ,Workhorse Stumbles as Cowen Says Recent Pop Just a Meme Rally,-.7
wkhs,Jun-03-21,05:15PM  ,"Dow Jones Futures: Stock Market Rally Breaks Support As GM Flies, Tesla Dives; AMC Whipsaws As Meme Stock Madness Continues",.1
wkhs,Jun-03-21,04:19PM  ,Workhorse Posts Best 3-Day Jump Since July on Retail Fandom,.5
wkhs,Jun-03-21,11:15AM  ,Why Workhorse Group Stock Is Surging Today,.6
wkhs,Jun-03-21,04:34AM  ,"Premarket Movers Thursday - AMC, Workhorse, Virgin Galactic",.3
wkhs,Jun-03-21,02:42AM  ,Workhorse Joins Meme-Stock Club as Shares Surge,.5
wkhs,Jun-02-21,04:35PM  ,"Why Workhorse Group, Lordstown Motors, and Canoo Stocks Popped Today",.4
wkhs,Jun-01-21,08:56PM  ,Xpeng Expects to Meet or Beat Sales Targets After Stellar May,.5
wkhs,May-26-21,02:30PM  ,"Why Nikola, Workhorse Group, and Lordstown Motors Stocks Jumped Today",.5
wkhs,May-21-21,12:00PM  ,"Workhorse Was Dealt a Severe Blow, But Can It Get Back in the Saddle?",-.4
wkhs,May-17-21,07:30PM  ,2 Under The Radar EV Stocks Set To Explode This Summer,.1
wkhs,May-13-21,08:44AM  ,Implied Volatility Surging for Workhorse (WKHS) Stock Options,.2
wkhs,May-12-21,09:21AM  ,Workhorse: Buy the Dip or Pump the Brakes? Analyst Weighs In,-.3
wkhs,May-12-21,09:01AM  ,Did Business Growth Power Workhorse Group's (NASDAQ:WKHS) Share Price Gain of 203%?,.2
wkhs,May-11-21,03:25PM  ,"Why Workhorse Stock Crashed, and Then Jumped Higher, on Tuesday",.3
wkhs,May-11-21,07:56AM  ,"Workhorses Q1 Revenue Jumps, 2021 Production Target Lowered",.2
wkhs,May-10-21,03:13PM  ,Workhorse Group's Q1 Sales Fall Short of Expectations With Just 6 Trucks Delivered,-.5
wkhs,May-10-21,02:45PM  ,Why NIO Stock Is Lower Today,.3
wkhs,May-10-21,02:15PM  ,Why Workhorse Group Stock Is Falling Today,.5
wkhs,May-10-21,11:13AM  ,Workhorse shares skid as electric truck maker cuts production target,-.8
wkhs,May-10-21,10:45AM  ,"Workhorse Group (WKHS) Reports Q1 Loss, Misses Revenue Estimates",-.9
wkhs,May-10-21,09:28AM  ,Workhorse stock drops after revenue was less than half what was expected,-.9
wkhs,May-10-21,09:00AM  ,Workhorse Group Reports First Quarter 2021 Results,0
wkhs,May-10-21,08:45AM  ,Workhorse Executes Strategic Development Agreement with J.B. Poindexter & Co. Subsidiary EAVX to Expand its Product Offerings,.4
wkhs,May-10-21,08:15AM  ,"Workhorse Group, Inc. to Host Earnings Call",0
wkhs,May-07-21,08:21PM  ,"WKHS Final Deadline Today: Rosen, Trusted Investor Counsel, Encourages Workhorse Group Inc. Investors with Losses Over $500K to Secure Counsel Before Important May 7 Deadline - WKHS",-.5
wkhs,May-07-21,02:00PM  ,"INVESTOR DEADLINE TODAY: The Schall Law Firm Reminds Investors of a Class Action Lawsuit Against Workhorse Group Inc. and Encourages Investors with Losses in Excess of $100,000 to Contact the Firm",-.8
wkhs,May-07-21,01:57PM  ,WKHS Stock Is Still Scorched Earth After USPS Debacle,-.6
wkhs,May-07-21,11:02AM  ,"DEADLINE TODAY: The Schall Law Firm Reminds Investors of a Class Action Lawsuit Against Workhorse Group Inc. and Encourages Investors with Losses in Excess of $100,000 to Contact the Firm",-.8
wkhs,May-07-21,10:18AM  ,Is a Surprise Coming for Workhorse Group (WKHS) This Earnings Season?,.1
wkhs,May-07-21,10:00AM  ,"WKHS Final Deadline: Bronstein, Gewirtz & Grossman, LLC Reminds Investors of Class Action Against Workhorse Group Inc. and Lead Plaintiff Deadline: May 7, 2021",-.8
wkhs,May-07-21,09:36AM  ,Factors Shaping the Fate of Workhorse (WKHS) Q1 Earnings,0
wkhs,May-07-21,09:12AM  ,"Zacks Earnings ESP: A Better Way to Find Earnings Surprises for Auto, Tires and Trucks",-.1
wkhs,May-06-21,07:35PM  ,"WORKHORSE GROUP 24 HOUR DEADLINE ALERT: Former Louisiana Attorney General and Kahn Swick & Foti, LLC Remind Investors with Losses in Excess of $100,000 of Deadline in Class Action Lawsuit Against Workhorse Group, Inc. - WKHS",-.8
wkhs,May-06-21,05:49PM  ,"WKHS FINAL DEADLINE ALERT: ROSEN, SKILLED INVESTOR COUNSEL, Encourages Workhorse Group Inc. Investors With Losses Over $500K to Secure Counsel Before Important Friday Deadline - WKHS",-.8
wkhs,May-06-21,04:38PM  ,Why Workhorse Group Stock Dropped 10% in April,-.6
wkhs,May-06-21,03:55PM  ,Here Are The Stocks With The Highest Short Interest Rate This Week 5/6,0
wkhs,May-06-21,03:00PM  ,"One Day Left for Shareholders with Losses Exceeding $200K to Actively Participate in Workhorse Group Inc. (WKHS) Class Action - Bronstein, Gewirtz & Grossman, LLC",-.8
wkhs,May-06-21,01:15PM  ,"FINAL DEADLINE TOMORROW: The Schall Law Firm Reminds Investors of a Class Action Lawsuit Against Workhorse Group Inc. and Encourages Investors with Losses in Excess of $100,000 to Contact the Firm",-.8
wkhs,May-06-21,11:00AM  ,"One Day Remaining for Shareholders with Losses Exceeding $200K to Actively Participate in Workhorse Group Inc. (WKHS) Class Action - Bronstein, Gewirtz & Grossman, LLC",-.8
wkhs,May-06-21,10:57AM  ,"DEADLINE TOMORROW: The Schall Law Firm Reminds Investors of a Class Action Lawsuit Against Workhorse Group Inc. and Encourages Investors with Losses in Excess of $100,000 to Contact the Firm",-.8
wkhs,May-06-21,09:25AM  ,"Kessler Topaz Meltzer & Checker, LLP: Final Deadline Reminder for Workhorse Group Inc. Investors - WKHS",-.8
wkhs,May-05-21,11:01PM  ,"SHAREHOLDER ALERT BY FORMER LOUISIANA ATTORNEY GENERAL: KSF REMINDS DOX, FGEN, GOEV, WKHS INVESTORS of Lead Plaintiff Deadline in Class Action Lawsuits",-.8
wkhs,May-05-21,10:23PM  ,"WORKHORSE GROUP 48 HOUR DEADLINE ALERT: Former Louisiana Attorney General and Kahn Swick & Foti, LLC Remind Investors with Losses in Excess of $100,000 of Deadline in Class Action Lawsuit Against Workhorse Group, Inc. - WKHS",-.8
wkhs,May-05-21,03:55PM  ,"WKHS FRIDAY DEADLINE: ROSEN, A LEADING LAW FIRM, Encourages Workhorse Group Inc. Investors With Losses Over $500K to Secure Counsel Before Important Friday Deadline in Securities Class Action  WKHS",-.8
wkhs,May-05-21,03:00PM  ,"Two Days Left for Shareholders with Losses Exceeding $200K to Actively Participate in Workhorse Group Inc. (WKHS) Class Action - Bronstein, Gewirtz & Grossman, LLC",-.8
wkhs,May-05-21,01:10PM  ,"2-Day Deadline Alert: The Schall Law Firm Reminds Investors of a Class Action Lawsuit Against Workhorse Group Inc. and Encourages Investors with Losses in Excess of $100,000 to Contact the Firm",-.8
wkhs,May-05-21,11:35AM  ,WKHS ALERT: Zhang Investor Law Alerts Investors of Deadline in Securities Class Action Lawsuit Against  Workhorse Group Inc.  WKHS,-.8
wkhs,May-05-21,11:28AM  ,"MAY 7, 2021 WKHS INVESTOR DEADLINE: Bernstein Liebhard LLP Reminds Investors of the Deadline to File a Lead Plaintiff Motion In a Securities Class Action Lawsuit Against Workhorse Group, Inc.",-.8
wkhs,May-05-21,11:21AM  ,"Deadline in 2 Days: Kessler Topaz Meltzer & Check, LLP Reminds Investors of Class Action Lawsuit Against Workhorse Group Inc. (WKHS)",-.8
wkhs,May-05-21,11:00AM  ,"WKHS Deadline Alert: Bronstein, Gewirtz & Grossman, LLC Reminds Investors of Class Action Against Workhorse Group Inc. and Lead Plaintiff Deadline: May 7, 2021",-.8
wkhs,May-05-21,10:33AM  ,"FRIDAY DEADLINE NOTICE: The Schall Law Firm Reminds Investors of a Class Action Lawsuit Against Workhorse Group Inc. and Encourages Investors with Losses in Excess of $100,000 to Contact the Firm",-.8
wkhs,May-05-21,08:30AM  ,Workhorse Partners with Coulomb Solutions to Supply its CATL Battery System,0
wkhs,May-05-21,01:20AM  ,"MAY 7 DEADLINE: The Schall Law Firm Reminds Investors of a Class Action Lawsuit Against Workhorse Group Inc. and Encourages Investors with Losses in Excess of $100,000 to Contact the Firm",-.8
wkhs,May-04-21,10:50PM  ,"FILING DEADLINE--Kuznicki Law PLLC Announces Class Actions on Behalf of Shareholders of DOX, FGEN, GOEV and WKHS",-.8
wkhs,May-04-21,09:32PM  ,"Workhorse Group, Inc. Investors: Last Days to Participate Actively in the Class Action Lawsuit; Portnoy Law Firm",-.8
wkhs,May-04-21,09:00PM  ,"DEADLINE ALERT: Bragar Eagel & Squire, P.C. Reminds Investors That a Class Action Lawsuit Has Been Filed Against Workhorse Group, Inc. and Encourages Investors With Losses in Excess of $100,000 to Contact the Firm",-.8
wkhs,May-04-21,07:30PM  ,"WKHS FINAL DEADLINE: ROSEN, A LEADING LAW FIRM, Encourages Workhorse Group Inc. Investors With Losses Over $100K to Secure Counsel Before Important Friday Deadline in Securities Class Action  WKHS",-.8
wkhs,May-04-21,06:28PM  ,"WORKHORSE GROUP 72 HOUR DEADLINE ALERT: Former Louisiana Attorney General and Kahn Swick & Foti, LLC Remind Investors With Losses in Excess of $100,000 of Deadline in Class Action Lawsuit Against Workhorse Group, Inc. - WKHS",-.8
wkhs,May-04-21,01:07PM  ,"Kessler Topaz Meltzer & Check, LLP Reminds Investors in Workhorse Group Inc. of Deadline in Securities Fraud Class Action Lawsuit",-.8
wkhs,May-04-21,11:00AM  ,"WKHS Deadline: Bronstein, Gewirtz & Grossman, LLC Reminds Investors of Class Action Against Workhorse Group Inc. and Lead Plaintiff Deadline: May 7, 2021",-.8
wkhs,May-04-21,10:47AM  ,"FRIDAY DEADLINE REMINDER: The Schall Law Firm Reminds Investors of a Class Action Lawsuit Against Workhorse Group Inc. and Encourages Investors with Losses in Excess of $100,000 to Contact the Firm",-.8
wkhs,May-04-21,09:14AM  ,"MAY 7, 2021 WKHS INVESTOR DEADLINE: Bernstein Liebhard LLP Reminds Investors of the Deadline to File a Lead Plaintiff Motion In a Securities Class Action Lawsuit Against Workhorse Group, Inc.",-.8
wkhs,May-03-21,11:00PM  ,"SHAREHOLDER ALERT: CLAIMSFILER REMINDS EBS, GOEV, RMO, WKHS INVESTORS of Lead Plaintiff Deadline in Class Action Lawsuits",-.8
wkhs,May-03-21,03:01PM  ,Earnings Preview: Workhorse Group (WKHS) Q1 Earnings Expected to Decline,0
wkhs,May-03-21,02:10PM  ,"Final Deadline Approaching on May 7, 2021:  Kessler Topaz Meltzer & Check, LLP Reminds Workhorse Group Inc. Investors of Class Action Lawsuit Deadline",-.8
