ticker,date,time,title
nvda,Jul-07-21,05:45PM  ,Nvidia (NVDA) Stock Sinks As Market Gains: What You Should Know
nvda,Jul-07-21,02:27PM  ,Nvidia stock is still a great buy despite the crypto winter: BofA analyst
nvda,Jul-07-21,10:29AM  ,Why Trump is partly to blame for the U.S. chip shortage
nvda,Jul-07-21,10:14AM  ,"Big tech rally: Amazon at record high, Apple extends gains"
nvda,Jul-07-21,08:33AM  ,Nasdaq's Rally to Continue in 2H21: 5 Large Cap Stocks to Buy
nvda,Jul-07-21,08:32AM  ,Why Newegg Stock Skyrocketed 42% on Tuesday
nvda,Jul-07-21,08:30AM  ,"If You Invested $1000 in Nvidia 10 Years Ago, This Is How Much You'd Have Now"
nvda,Jul-07-21,08:11AM  ,Microchip Sales Continue to Soar on Higher Demand: 5 Winners
nvda,Jul-07-21,08:00AM  ,Good News Is Coming For Hot Tech Stocks In The Next 3 Months
nvda,Jul-07-21,07:47AM  ,"Newegg More Than Doubles, Turning Into Meme Play"
nvda,Jul-07-21,07:30AM  ,"Zacks.com featured highlights include: Apollo Medical, Atento, Grindrod Shipping, Nike and NVIDIA"
nvda,Jul-07-21,06:53AM  ,Coinbase vs. Nvidia: Which Cryptocurrency Stock Is A More Compelling Buy?
nvda,Jul-07-21,05:49AM  ,Nvidia Continues to Travel to New Heights So Raise Stops
nvda,Jul-07-21,05:42AM  ,"Morning Bell With Jim Cramer: Nvidia, Oil Prices and Didi"
nvda,Jul-06-21,07:14PM  ,Nvidia gives health researchers access to UK supercomputer
nvda,Jul-06-21,07:01PM  ,"NVIDIA Launches UKs Most Powerful Supercomputer, for Research in AI and Healthcare"
nvda,Jul-06-21,07:01PM  ,Nvidia gives health researchers access to UK supercomputer
nvda,Jul-06-21,05:20PM  ,Is Nvidia Stock A Buy After Strong Post-Earnings Rally?
nvda,Jul-06-21,04:22PM  ,10 Stocks Reddits WallStreetBets is Buying in July 2021
nvda,Jul-06-21,04:12PM  ,Nvidia stock hits third record close in a row as it seeks record eighth straight week of gains
nvda,Jul-06-21,03:01PM  ,Jim Cramer: What Q2's Strongest Stocks Tell Us About This Bull Market
nvda,Jul-06-21,01:21PM  ,Nvidia Stock Closes at Record High. Why the Rally Could Keep Going.
nvda,Jul-06-21,01:11PM  ,Nvidia Stock Is at a Record High. Why the Rally Could Keep Going.
nvda,Jul-06-21,12:40PM  ,Nvidia Stock Is A Play On The Future Of Artificial Intelligence
nvda,Jul-06-21,11:24AM  ,"Stock Market Today With Jim Cramer: Stay Away From Didi, Buy Nvidia"
nvda,Jul-06-21,11:18AM  ,Why investors are leaving work-from-home stocks behind
nvda,Jul-06-21,08:53AM  ,"NVIDIA, Lumentum, Maravai LifeSciences, Baxter International and BellRing Brands highlighted as Zacks Bull and Bear of the Day"
nvda,Jul-06-21,08:34AM  ,40 of the hottest stocks in the market so far in 2021
nvda,Jul-06-21,07:30AM  ,"5 Top Stock Gainers for Tuesday: Nvidia, FireEye and Weibo"
nvda,Jul-06-21,05:49AM  ,4 Stocks to Make the Most of Surging Demand for AI
nvda,Jul-06-21,05:38AM  ,Wall Street Offers an Ideal Ground for Bulls to Roar: 5 Picks
nvda,Jul-06-21,05:20AM  ,Bull of the Day: NVIDIA (NVDA)
nvda,Jul-06-21,04:40AM  ,"Premarket Movers Tuesday: Didi, Nvidia, AMC"
nvda,Jul-06-21,02:39AM  ,Nvidia Gains on Another Analyst Price-Target Boost
nvda,Jul-05-21,11:30AM  ,Is NVIDIA (NVDA) Outperforming Other Computer and Technology Stocks This Year?
nvda,Jul-05-21,09:00AM  ,How to Find Strong Buy Computer and Technology Stocks Using the Zacks Rank
nvda,Jul-05-21,08:17AM  ,3 Stocks to Buy If New Lockdown Orders Are Issued
nvda,Jul-05-21,05:25AM  ,5 Stocks With Recent Price Strength Following a Strong 1H
nvda,Jul-04-21,05:52AM  ,Buying These 3 Robinhood Stocks Could Be the Smartest Investing Moves You'll Ever Make
nvda,Jul-03-21,08:04PM  ,Why NVIDIA Stock Jumped 23% in June
nvda,Jul-03-21,11:24AM  ,10 Best Roth IRA Stocks to Buy According to Reddit
nvda,Jul-03-21,06:03AM  ,Nvidia Announced a Stock Split. Here's Why Investors Shouldn't Care
nvda,Jul-02-21,03:42PM  ,Arm CEO says Nvidia merger better than going public
nvda,Jul-02-21,03:34PM  ,Arm CEO says Nvidia merger better than going public
nvda,Jul-02-21,02:45PM  ,"Stock Picks: Nvidia, Facebook Reveal 7 Telltale Traits Of Top Stocks To Buy And Watch"
nvda,Jul-02-21,11:04AM  ,7 Stocks to Sell as You Head Into July 2021
nvda,Jul-02-21,09:17AM  ,Earnings Growth & Price Strength Make Nvidia (NVDA) a Stock to Watch
nvda,Jul-02-21,07:20AM  ,Semiconductor Stocks Look Promising After Micron Q3 Earnings: 4 Picks
nvda,Jul-02-21,06:00AM  ,Nvidia Stock Will Continue to Buck Bearish Narratives
nvda,Jul-02-21,04:57AM  ,"British jobs at risk if Nvidia takeover is blocked, Arm boss warns"
nvda,Jul-01-21,12:51PM  ,Micron and Chip Stocks Drop but Nvidia Climbs
nvda,Jul-01-21,11:19AM  ,Why NVIDIA Stock Keeps Moving Higher
nvda,Jul-01-21,10:40AM  ,10 Best Cryptocurrencies to Invest in According to Reddit
nvda,Jul-01-21,09:18AM  ,"Nvidia price target raised to new Street high of $1,000 at BMO Capital Markets"
nvda,Jul-01-21,09:15AM  ,Is NVIDIA Headed to $900? 3 Things to Know
nvda,Jul-01-21,09:10AM  ,"Zacks Market Edge Highlights: Amazon, QQQ, NVIDIA, PayPal, United Rentals and Bookings Holdings"
nvda,Jul-01-21,08:05AM  ,5 Soaring Tech Growth Stocks to Buy Instead of Bitcoin in 2H21
nvda,Jul-01-21,07:39AM  ,Stock-Split Watch: Is Target Next?
nvda,Jul-01-21,07:16AM  ,Buy This Stock Before It Turns Into a Top 5G Play
nvda,Jul-01-21,07:07AM  ,"Micron (MU) Q3 Earnings Beat Estimates, Q4 Outlook Impressive"
nvda,Jul-01-21,05:31AM  ,"Nvidia Target at Wall Street High $1,000; BMO Lauds Data-Center Lines"
nvda,Jun-30-21,06:02PM  ,NVIDIA and AMD: Digital Flywheels of Super-Exponential Innovation
nvda,Jun-30-21,05:45PM  ,Nvidia (NVDA) Stock Sinks As Market Gains: What You Should Know
nvda,Jun-30-21,04:56PM  ,10 Best ESG Stocks to Buy Now
nvda,Jun-30-21,04:49PM  ,10 Best Cryptocurrencies to Buy for Early Retirement
nvda,Jun-30-21,11:30AM  ,"TOP500's Supercomputer List Gives Investors Great Insight on AMD, NVIDIA, and Intel"
nvda,Jun-30-21,10:19AM  ,Can the Rally in NVIDIA (NVDA) Shares Continue?
nvda,Jun-30-21,06:35AM  ,"Forget the Stock Split, Here's the Real Reason to Invest in NVIDIA Stock"
nvda,Jun-30-21,06:01AM  ,NVIDIA's Stock Split Is Almost Here: Here's What You Should Know
nvda,Jun-30-21,05:55AM  ,These 3 Winners Look Ready for a Stock Split
nvda,Jun-30-21,01:05AM  ,"Didi Global, Micron, Nvidia and Bed Bath & Beyond: 5 Things You Must Know"
nvda,Jun-29-21,08:22PM  ,Why TuSimple Stock Soared 25% Over the Last 2 Days
nvda,Jun-29-21,06:04PM  ,NVIDIA (NVDA) Makes Key Advancements with AI-on-5G Platform
nvda,Jun-29-21,10:49AM  ,"NVIDIA, AMD, or Intel: Which Is the Best Chip Stock to Buy Right Now?"
nvda,Jun-29-21,10:30AM  ,Can AMD Go on a Rally Like Nvidia and Hit All-Time Highs?
nvda,Jun-29-21,10:22AM  ,"5G Stocks To Buy And Watch: Global 5G Phone Shipments, Subscriptions Ramp Up"
nvda,Jun-29-21,10:02AM  ,"Ark files for bitcoin ETF, Nvidia gets support for Arm acquisition"
nvda,Jun-29-21,10:00AM  ,Could This Be a Big Risk for NVIDIA Stock?
nvda,Jun-29-21,07:43AM  ,United Airlines Placed Its Largest Jet Order Ever. Who Wins From Its Big Bet on Travels Return.
nvda,Jun-29-21,06:04AM  ,"Morning Bell With Jim Cramer: Micron Earnings, Nvidia and AMD"
nvda,Jun-29-21,06:00AM  ,Is NVIDIA Stock a Buy Ahead of Its Stock Split?
nvda,Jun-29-21,02:56AM  ,One Overlooked Cryptocurrency Investing Opportunity
nvda,Jun-28-21,04:49PM  ,US STOCKS-Tech stock rally sends S&P and Nasdaq to record highs
nvda,Jun-28-21,04:46PM  ,"Stock Market Today: Chip Rip Triggers Record Highs in Nasdaq, S&P"
nvda,Jun-28-21,04:44PM  ,"Dow Jones Trades 150 Points Lower As Nasdaq Diverges, Hits New High"
nvda,Jun-28-21,04:11PM  ,"Nvidia Is 'Undisputed Leader' In AI Chips, But Competition Is Rising"
nvda,Jun-28-21,03:01PM  ,Jim Cramer: Monday's Market Is One of the Most Mind-Blowing I've Seen
nvda,Jun-28-21,02:42PM  ,Nvidia Gets Just a Little Help From Its Friends
nvda,Jun-28-21,12:31PM  ,Why NVIDIA Stock Was Up Today
nvda,Jun-28-21,11:10AM  ,Stock Market Today With Jim Cramer: Tesla 'Bellwether of High Growth'
nvda,Jun-28-21,11:01AM  ,Nvidia Stock Rallies as Three Key Chip Makers Endorse Bid for Arm
nvda,Jun-28-21,09:00AM  ,"As Nvidia Surges, We Are Updating Our Technical Strategy"
nvda,Jun-28-21,08:41AM  ,"5 Top Stock Gainers for Monday: Intellia Therapeutics, QAD, Etsy, Nvidia"
nvda,Jun-28-21,07:45AM  ,"NVIDIA Extends Arm Support, Collaborates With Google Cloud For AI-on-5G Lab, Introduces New HGX A100 Systems To Drive Industrial AI"
nvda,Jun-28-21,06:33AM  ,Nvidia Gains On Support From Arm Customers To Buy Chip Designer
nvda,Jun-28-21,05:55AM  ,2 Robinhood Stocks That Could Crush Dogecoin
nvda,Jun-28-21,05:44AM  ,Nvidia Climbs; Citi Sees U.K. Regulator More Likely to Clear Arm Deal
nvda,Jun-28-21,04:52AM  ,"Premarket Movers Monday: Intellia Therapeutics, Boeing, Nvidia"
nvda,Jun-28-21,03:01AM  ,NVIDIA Powers Next-Generation Supercomputer at University of Edinburgh
nvda,Jun-28-21,03:01AM  ,NVIDIA and Google Cloud to Create Industrys First AI-on-5G Lab to Speed Development of AI Everywhere
tsla,Jul-07-21,07:07PM  ,Dow Jones Futures: Apple Leads Market Rally After Fed Minutes; Meme Stock Newegg Rockets
tsla,Jul-07-21,05:48PM  ,Tesla Hates Lidar. This Tesla Lover Loves It.
tsla,Jul-07-21,05:05PM  ,HawkEye 360 CEO on the Space Races impact on future investment
tsla,Jul-07-21,04:29PM  ,10 Stocks Cathie Wood Is Selling
tsla,Jul-07-21,04:07PM  ,Tesla Stock Nears Key Support With June China EV Sales Data Due
tsla,Jul-07-21,04:05PM  ,"Auto Giant Looks To Catch Up To GM, Tesla With Big Electric Vehicle Event"
tsla,Jul-07-21,01:52PM  ,Tesla Stock Isnt Joining the Tech Rally. Heres Why.
tsla,Jul-07-21,12:33PM  ,Why Tesla Stock Crashed and Burned Again Today
tsla,Jul-07-21,12:32PM  ,Institutional Investors Warm Up to Cryptos: What Do You Need to Know?
tsla,Jul-07-21,11:30AM  ,"Dow Jones Rallies As Yields Dive; Tesla Stock Extends Losses, While Amazon, Apple, Shopify In Buy Zones"
tsla,Jul-07-21,09:54AM  ,"Tesla and Nio Charging Ahead into Second Half of 2021, Says Analyst"
tsla,Jul-07-21,07:58AM  ,"The 10 most popular used car models in Britain, according to AA"
tsla,Jul-07-21,07:26AM  ,Cathie Wood Is Buying These Top Growth Stocks -- and Both Could Make You Rich
tsla,Jul-07-21,06:32AM  ,Why Tesla Stock Got Clobbered Tuesday  and Why It Could Bounce Back
tsla,Jul-07-21,05:10AM  ,Uber Could Transport Investors to New Growth
tsla,Jul-07-21,04:50AM  ,"Dow Jones Futures: Crude Oil Rebounds, Treasury Yields Keep Falling; Amazon, Shopify Lead 5 Techs In Buy Zones"
tsla,Jul-07-21,03:55AM  ,Foxconns China EV Push Hits Snag With Byton Board Upheaval
tsla,Jul-07-21,02:18AM  ,"Solarwatt flexes muscles in home energy storage fight with Shell, Tesla"
tsla,Jul-07-21,02:08AM  ,"Solarwatt flexes muscles in home energy storage fight with Shell, Tesla"
tsla,Jul-07-21,02:00AM  ,"FOCUS-Solarwatt flexes muscles in home energy storage fight with Shell, Tesla"
tsla,Jul-06-21,11:41PM  ,Thai Energy Pioneer Pivots to Electric Buses in Green Push
tsla,Jul-06-21,05:31PM  ,"Dow Jones Futures: Amazon, Shopify Lead 5 Techs Entering Buy Zones; Tesla Falls As China, Energy Stocks Hit Hard In Market Rally"
tsla,Jul-06-21,05:08PM  ,Jeff Bezos Hits Wealth Record of $211 Billion on Pentagon Move
tsla,Jul-06-21,04:54PM  ,Is Nio Stock A Buy After Q2 Sales More Than Double?
tsla,Jul-06-21,04:22PM  ,10 Stocks Reddits WallStreetBets is Buying in July 2021
tsla,Jul-06-21,04:04PM  ,Supercar Brand To Go Electric After Merger With EV Startup
tsla,Jul-06-21,04:00PM  ,"Can Google, Tesla, Microsoft, CrowdStrike, PayPal Keep The Tech Train Rolling?"
tsla,Jul-06-21,03:08PM  ,"Dow Jones Dips, Small Caps Mauled; Apple Rises As Tesla Stalls Amid Lawsuit; AMC Stock Dives"
tsla,Jul-06-21,02:18PM  ,Berkshire Hathaway EV Investment Had a Great June. How Tesla Stacks Up.
tsla,Jul-06-21,12:43PM  ,Why Tesla Stock Fell on Tuesday
tsla,Jul-06-21,11:53AM  ,15 Best Clean Energy Stocks to Invest In
tsla,Jul-06-21,10:57AM  ,"Tesla Affirmed Underweight, Target Raised at J.P. Morgan"
tsla,Jul-06-21,10:48AM  ,"Teslas autopilot controversy, Volkswagens EV push"
tsla,Jul-06-21,10:37AM  ,"Investing Strategies: DocuSign CEO Shares Insights, EV Stocks Charge Higher, Big Tech Antitrust Battle Continues"
tsla,Jul-06-21,10:33AM  ,Forget Tesla. The More Interesting EV Race is Porsche vs. Ferrari.
tsla,Jul-06-21,10:05AM  ,Tesla Breaks Record on Q2 Deliveries: ETFs to Tap
tsla,Jul-06-21,08:34AM  ,40 of the hottest stocks in the market so far in 2021
tsla,Jul-06-21,07:15AM  ,2 Reasons Why Fisker's an Electrifying EV Maker
tsla,Jul-06-21,07:00AM  ,"Fake Tesla, Apple Stocks Have Started Trading on Blockchains"
tsla,Jul-06-21,06:00AM  ,Elon Musk shares then deletes bizarre Warren Buffett crypto meme
tsla,Jul-06-21,05:30AM  ,How the EV Industry Is Trying to Fix Its Charging Bottleneck
tsla,Jul-06-21,05:20AM  ,Bull of the Day: NVIDIA (NVDA)
tsla,Jul-06-21,04:42AM  ,Bitcoin pares gains as China closes company over crypto trading
tsla,Jul-05-21,05:45PM  ,Tesla (TSLA) Gains But Lags Market: What You Should Know
tsla,Jul-05-21,04:30PM  ,10 Best Renewable Energy Stocks to Buy According to Hedge Funds
tsla,Jul-05-21,01:02PM  ,10 Biggest Hedge Fund Casualties of Reddit WallStreetBets Short Squeezes
tsla,Jul-05-21,12:18PM  ,Why Churchill Capital IV Stock Soared 46% in June
tsla,Jul-05-21,10:26AM  ,10 Stocks Michael Burry is Selling
tsla,Jul-05-21,10:16AM  ,Tesla Drivers Are Still Waiting For Latest Full Self Driving Update
tsla,Jul-05-21,10:11AM  ,12 Best Environmental Stocks to Invest In
tsla,Jul-05-21,08:59AM  ,"Auto Stock Roundup: VWAGY Closes Merger With Navistar, F Cuts Production & More"
tsla,Jul-05-21,06:00AM  ,Tesla Model 3 named best selling car in Britain
tsla,Jul-05-21,05:05AM  ,Wall Street Is Completely Clueless About These 3 Popular Stocks
tsla,Jul-05-21,04:47AM  ,Bitcoin struggles for momentum as crypto starts week in the red
tsla,Jul-04-21,07:51AM  ,Could Tesla Build 1 Million Vehicles This Year?
tsla,Jul-04-21,07:30AM  ,From Cathie Wood Stocks to Bitcoin: 3 Explosive Strategies for Reaching Financial Independence
tsla,Jul-03-21,11:24AM  ,10 Best Roth IRA Stocks to Buy According to Reddit
tsla,Jul-03-21,11:05AM  ,"Tesla's Quarterly Deliveries Soar, Hitting Record High"
tsla,Jul-03-21,07:00AM  ,Tesla's Under Pressure in China. Here Are 3 EV Companies That Can Capitalize on This
tsla,Jul-02-21,08:00PM  ,"Chinas Hot EV and Solar Stocks Have More Room to Run, Funds Say"
tsla,Jul-02-21,04:35PM  ,"Stock Market Rally: S&P 500, Nasdaq Hit Highs; Facebook, Tesla, Nio, Intellia, Didi IPO, OPEC+ In Focus"
tsla,Jul-02-21,04:27PM  ,"Tesla Q2 Deliveries Hit New High, Meet Estimates"
tsla,Jul-02-21,04:18PM  ,"Li Auto Reports Booming Q2 Sales, Joining China EV Rivals Nio, Xpeng"
tsla,Jul-02-21,04:01PM  ,"Stock market news live updates: Dow, S&P 500, Nasdaq set fresh record highs after June payrolls beat estimates"
tsla,Jul-02-21,03:23PM  ,"Teslas quarterly deliveries milestone, Model S Plaid catches fire"
tsla,Jul-02-21,03:18PM  ,Tesla Stock Gets No Help From Record Deliveries. Heres What Wall Street Thinks.
tsla,Jul-02-21,03:07PM  ,"Dow Jones Rallies As Apple, Microsoft Lead; AMC Stock Dives; Tesla Delivery Gains Vanish"
tsla,Jul-02-21,02:32PM  ,"Mega caps liking job numbers, Tesla's Q2 delivery record, RIDE & DiDi dive"
tsla,Jul-02-21,01:37PM  ,Teslas sales show company is weathering chips shortage better than other auto makers
tsla,Jul-02-21,12:48PM  ,Inside billionaire Elon Musks surprising home worth just $50k
tsla,Jul-02-21,12:06PM  ,Why Tesla Stock Moved Higher Friday
tsla,Jul-02-21,11:40AM  ,GM vs. TSLA: Which Stock Is the Better Value Option?
tsla,Jul-02-21,10:42AM  ,Germany to reach 1 million electric cars on its roads in July as competition intensifies
tsla,Jul-02-21,10:28AM  ,Tesla Reported Record Deliveries. Why Thats Not Good Enough to Change the Narrative.
tsla,Jul-02-21,09:55AM  ,"Tesla quarterly deliveries hit 200K, stock trades higher"
tsla,Jul-02-21,09:50AM  ,"Tesla Delivered a Record 201,250 Cars in Second Quarter"
tsla,Jul-02-21,09:42AM  ,Owning stocks is a privilege of the few: Betterment CEO
tsla,Jul-02-21,09:20AM  ,Li Auto's electric vehicle deliveries reach new highs
tsla,Jul-02-21,09:01AM  ,"US STOCKS-S&P 500, Nasdaq set for record open after strong June jobs report"
tsla,Jul-02-21,08:53AM  ,"Tesla delivered more than 200,000 vehicles in Q2, roughly in line with expectations"
tsla,Jul-02-21,08:46AM  ,"UPDATE 3-Tesla Q2 deliveries meet analysts' estimates despite chip shortage, shares gain"
tsla,Jul-02-21,08:37AM  ,"Tesla Q2 deliveries meet analysts' estimates despite chip shortage, shares gain"
tsla,Jul-02-21,08:36AM  ,Are Options Traders Betting on a Big Move in Tesla (TSLA) Stock?
tsla,Jul-02-21,08:34AM  ,Tesla Q2 2021 Vehicle Production & Deliveries
tsla,Jul-02-21,08:28AM  ,"Alibabas Ma, Tsai Pledged Shares for Bank Loans, FT Reports"
tsla,Jul-02-21,07:52AM  ,Richard Branson Aims to Beat Jeff Bezos to Space
tsla,Jul-02-21,04:47AM  ,"Tesla Deliveries Top 200,000 In Record Quarter On China Demand; Shares Dip"
tsla,Jul-02-21,01:45AM  ,"Tesla top-of-range car caught fire while owner was driving, lawyer says"
tsla,Jul-02-21,01:36AM  ,"Tesla top-of-range car caught fire while owner was driving, lawyer says"
tsla,Jul-02-21,01:10AM  ,"Jobs Report, Virgin Galactic, Tesla and Robinhood: 5 Things You Must Know"
tsla,Jul-01-21,05:29PM  ,10 Stocks Both Reddits WallStreetBets and Hedge Funds Love
tsla,Jul-01-21,03:18PM  ,Why Index Funds Often Buy Stocks Like Tesla High and Sell Low
tsla,Jul-01-21,03:04PM  ,Why Churchill Capital IV Stock Soared This Week
tsla,Jul-01-21,02:37PM  ,Index Funds Routinely Buy High and Sell Low. Tesla Is Just One Example.
tsla,Jul-01-21,01:00PM  ,Can China's EV Players Catch Up to Tesla?
tsla,Jul-01-21,12:34PM  ,Elon Musk is wrong about bitcoin mining sustainability: VBit CEO
tsla,Jul-01-21,10:40AM  ,10 Best Cryptocurrencies to Invest in According to Reddit
tsla,Jul-01-21,10:04AM  ,"Nios strong Q2 sales, Xpeng raises $1.8 billion, ViacomCBS C-suite changes"
tsla,Jul-01-21,10:02AM  ,Tesla Trading Pattern Looks Bleak After Tough Start to 2021
tsla,Jul-01-21,09:05AM  ,"Elon Musk Thrusts Baby Doge Into the Spotlight, Meme Coin Soars"
msft,Jul-07-21,07:07PM  ,Dow Jones Futures: Apple Leads Market Rally After Fed Minutes; Meme Stock Newegg Rockets
msft,Jul-07-21,06:56PM  ,The pandemic is inspiring some companies to test 4-day workweeks  but will it hurt productivity?
msft,Jul-07-21,05:45PM  ,Microsoft (MSFT) Outpaces Stock Market Gains: What You Should Know
msft,Jul-07-21,05:18PM  ,10 Top Hedge Funds Focusing on ESG and Impact Investing
msft,Jul-07-21,04:25PM  ,Is Microsoft Stock A Buy Ahead Of Software Giant's June-Quarter Earnings Report?
msft,Jul-07-21,03:55PM  ,The JEDI reboot allows U.S. to correct its mistake
msft,Jul-07-21,02:47PM  ,Factbox-Six things to know about the Pentagon's defunct JEDI contract
msft,Jul-07-21,02:34PM  ,Amazon CEO Andy Jassy is inheriting a behemoth that is under siege
msft,Jul-07-21,02:19PM  ,"Mega caps love plunging yields, meme stock Newegg doubles"
msft,Jul-07-21,12:41PM  ,Amazon Shares Leap 4.7% as Pentagon Cancels $10B JEDI Cloud Contract with Microsoft  Report
msft,Jul-07-21,12:00PM  ,"Users must update PCs  as soon as possible as Windows left vulnerable to massive flaw, Microsoft says"
msft,Jul-07-21,11:30AM  ,"Dow Jones Rallies As Yields Dive; Tesla Stock Extends Losses, While Amazon, Apple, Shopify In Buy Zones"
msft,Jul-07-21,10:35AM  ,"Pentagon cancels cloud contract, Universal films head to Peacock, Chobani to go public"
msft,Jul-07-21,10:23AM  ,Microsoft (MSFT) Faces Blow as DoD Abandons $10B JEDI Deal
msft,Jul-07-21,10:14AM  ,"Big tech rally: Amazon at record high, Apple extends gains"
msft,Jul-07-21,09:40AM  ,"Company News for Jul 7, 2021"
msft,Jul-07-21,09:30AM  ,Is Salesforce Stock A Buy? Slack Deal Synergies Key For Digital Transformation Leader
msft,Jul-07-21,09:08AM  ,10 Best Dividend Stocks to Buy According to English Warren Buffett Terry Smith
msft,Jul-07-21,08:13AM  ,"Dow Jones Futures: Crude Oil Rebounds, Treasury Yields Keep Falling; Amazon, Shopify Lead 5 Techs In Buy Zones"
msft,Jul-07-21,07:54AM  ,Amazons Jeff Bezos Is Getting Richerand You Can Too
msft,Jul-07-21,07:00AM  ,A Company Called Mmhmm Just Raised $100 Million
msft,Jul-07-21,05:05AM  ,These Top-10 Robinhood Stocks Are Anything But Crazy Picks
msft,Jul-07-21,04:29AM  ,"Pentagon Opts to Split Cloud Deal Between Microsoft, Amazon"
msft,Jul-07-21,03:28AM  ,"Organized Chaos, Growth Concerns, COVID Variant, Trading Amazon and Microsoft"
msft,Jul-07-21,03:04AM  ,Nintendo Unveils $350 Switch With Display That Still Lags Rivals
msft,Jul-07-21,03:02AM  ,U.S. Futures Edge Higher; FOMC Minutes Dominate
msft,Jul-07-21,02:00AM  ,Amazon Notches Comeback Win in Years-Long Pentagon Cloud Battle
msft,Jul-06-21,09:51PM  ,Russian hackers reportedly targeted Republican National Committee
msft,Jul-06-21,07:30PM  ,Is This The Hottest ESG Stock Of 2021?
msft,Jul-06-21,06:15PM  ,U.S. Republican National Committee says its data not accessed in hack
msft,Jul-06-21,06:08PM  ,UPDATE 1-U.S. Republican National Committee says its data not accessed in hack
msft,Jul-06-21,06:08PM  ,These 2 Stock Giants Have Quietly Risen Toward All-Time Highs
msft,Jul-06-21,05:31PM  ,"Dow Jones Futures: Amazon, Shopify Lead 5 Techs Entering Buy Zones; Tesla Falls As China, Energy Stocks Hit Hard In Market Rally"
msft,Jul-06-21,04:58PM  ,Pentagon to rebid Jedi cloud contract
msft,Jul-06-21,04:58PM  ,TIMELINE-The fight by Microsoft and Amazon for the Pentagon's cloud contract
msft,Jul-06-21,04:39PM  ,"Pentagon Cancels JEDI Contract, Sets Stage For Microsoft-Amazon Rematch"
msft,Jul-06-21,04:22PM  ,The fight by Microsoft and Amazon for the Pentagon's cloud contract
msft,Jul-06-21,04:20PM  ,Amazon stock rides to record as JEDI deal gets canceled on new CEOs first day
msft,Jul-06-21,04:12PM  ,TIMELINE-Pentagon's cloud deal latest Trump move halted by Biden
msft,Jul-06-21,04:12PM  ,Microsofts JEDI Contract Canceled in Big Win for Amazon
msft,Jul-06-21,04:00PM  ,"Can Google, Tesla, Microsoft, CrowdStrike, PayPal Keep The Tech Train Rolling?"
msft,Jul-06-21,03:42PM  ,Microsoft and Amazon could both come out on top now that Project JEDI is dead
msft,Jul-06-21,03:06PM  ,Pentagon scraps $10B JEDI cloud contract award to Microsoft
msft,Jul-06-21,02:51PM  ,"Pentagon scraps Trump's $10 billion cloud deal for Microsoft, reviving Amazon bid"
msft,Jul-06-21,02:37PM  ,"Record Everything in U.S. Stock Market, Including Retail Froth"
msft,Jul-06-21,02:31PM  ,"Bonds spook stocks, Microsoft loses Jedi contract, China crashes DiDi, Southwest cancels flights ahead of Elsa"
msft,Jul-06-21,02:26PM  ,Is Amazon stock ready for blast-off before Jeff Bezos reaches space?
msft,Jul-06-21,01:01PM  ,Pentagon abruptly cancels $10 billion JEDI cloud contract
msft,Jul-06-21,12:46PM  ,Pentagon calls off $10B JEDI cloud contract
msft,Jul-06-21,12:34PM  ,"Pentagon scraps Trump's $10 billion cloud deal for Microsoft, reviving Amazon bid"
msft,Jul-06-21,12:32PM  ,"UPDATE 5-Pentagon scraps Trump's $10 billion cloud deal for Microsoft, reviving Amazon bid"
msft,Jul-06-21,11:01AM  ,Synnex Defends Its Role In Friday Cybersecurity Attacks
msft,Jul-06-21,11:00AM  ,Microsoft (MSFT) Eyes Bigger Share as Video Gaming Thrives
msft,Jul-06-21,10:27AM  ,"Pentagon May Split $10B Computing Pact Between Microsoft, Amazon"
msft,Jul-06-21,10:20AM  ,10 Best SPACs to Buy According to SoftBanks Masayoshi Son
msft,Jul-06-21,09:23AM  ,10 Best Dividend Stocks to Buy According to James Parsons Junto Capital Management
msft,Jul-06-21,08:44AM  ,Is Snowflake Stock A Buy? Software Maker Sets Path To $10 Billion In Revenue By 2028
msft,Jul-06-21,08:11AM  ,Dow Jones Futures: Crude Oil Prices Hit 6-Year High On Divided OPEC+; Didi IPO Crashes
msft,Jul-06-21,08:00AM  ,Cloud Stocks Change Name Of The Cloud Computing Game With 'Containers'
msft,Jul-06-21,04:03AM  ,Where to buy Xbox series X: Restock updates and how to pre-order Microsofts next-gen console
msft,Jul-06-21,02:30AM  ,Big Tech Antitrust Battle Continues: Risks And Opportunities For Investors
msft,Jul-05-21,11:41AM  ,"Dow Jones Futures: Apple, Google, Tech Titans Drive Stock Market Rally; Divided OPEC+ Postpones Talks"
msft,Jul-05-21,10:34AM  ,"10 best tablets from Apple, Android, Windows and more"
msft,Jul-05-21,10:11AM  ,12 Best Environmental Stocks to Invest In
msft,Jul-05-21,08:00AM  ,5 Best Leveraged ETFs of Last Week
msft,Jul-05-21,06:09AM  ,Jeff Bezos Steps Down as CEO on Monday. Heres What It Means for Amazons Stock.
msft,Jul-03-21,04:54PM  ,Biden Says Not Sure If Russia Is Behind Latest Cyberattack
msft,Jul-03-21,04:39PM  ,Massive Ransomware Attack May Impact Thousands of Victims
msft,Jul-03-21,06:15AM  ,Why the Global Minimum Tax Deal Is a Win for Silicon Valley
msft,Jul-02-21,04:42PM  ,"Dow Jones Rises On Strong Economic Data While S&P 500, Nasdaq Hit New Highs; Apple Stock Trades In Buy Zone"
msft,Jul-02-21,03:07PM  ,"Dow Jones Rallies As Apple, Microsoft Lead; AMC Stock Dives; Tesla Delivery Gains Vanish"
msft,Jul-02-21,02:32PM  ,"Mega caps liking job numbers, Tesla's Q2 delivery record, RIDE & DiDi dive"
msft,Jul-02-21,02:03PM  ,These 3 No-Brainer Stocks Are Leading the Market Higher Friday
msft,Jul-02-21,12:22PM  ,"Dow Jones Up As Microsoft, Apple Lead; Stock Market Rallies On Strong Jobs Data"
msft,Jul-02-21,10:54AM  ,"Jeff Bezos made Amazon a behemoth, but his legacy is complicated"
msft,Jul-02-21,09:31AM  ,Apple Could Become Google's Biggest Cloud Customer
msft,Jul-02-21,08:59AM  ,10 Best Young Stocks To Buy and Hold For 20 Years
msft,Jul-02-21,06:00AM  ,Absolutely a Sprint: How Andy Jassy Raced to the Top of Amazon
msft,Jul-01-21,04:47PM  ,Can Microsoft Stock Deliver On Its Second Act?
msft,Jul-01-21,01:33PM  ,"Amazon Eyeing 'Rebel Alliance' With Dropbox, Slack To Challenge Microsoft: Insider"
msft,Jul-01-21,10:40AM  ,10 Best Cryptocurrencies to Invest in According to Reddit
msft,Jul-01-21,10:37AM  ,Amazon Held Talks About Business App Bundle: Insider
msft,Jul-01-21,10:24AM  ,Microsoft (MSFT) Azure Cloud Chosen by AT&T to Run 5G Network
msft,Jul-01-21,09:53AM  ,Top 20 Internet Companies in India
msft,Jul-01-21,09:24AM  ,AT&T (T) to Move 5G Mobile Network to Microsoft Azure
msft,Jul-01-21,09:09AM  ,Will Windows 11 Help or Harm Microsoft Investors?
msft,Jul-01-21,08:00AM  ,Tech Stocks Are On Fire Again; How To Play It
msft,Jun-30-21,10:14PM  ,German Launch Startup Pitches Taxi to Space: Catalyst Update
msft,Jun-30-21,04:56PM  ,10 Best ESG Stocks to Buy Now
msft,Jun-30-21,04:54PM  ,Best Dow Jones Stocks This Year Include Last-Minute Surprise
msft,Jun-30-21,03:42PM  ,"AT&T To Migrate 5G Mobile Network To Microsoft Cloud, Microsoft To Acquire AT&T's Network Cloud Platform, Engineering, Lifecycle Management Software"
msft,Jun-30-21,02:15PM  ,Microsoft exec says U.S. government secretly seeks Americans data thousands of times a year
msft,Jun-30-21,12:57PM  ,FBI Muscles Up Against Hackers With Breaches Going Bananas
msft,Jun-30-21,12:55PM  ,Slack CEO on Microsoft's Windows 11: 'I don't think it's a fair tactic'
msft,Jun-30-21,12:31PM  ,UPDATE 1-U.S. lawmakers say it is time to boost privacy protections around cloud data
msft,Jun-30-21,12:21PM  ,Google and Microsoft End Their Five-Year Cease-Fire
msft,Jun-30-21,11:44AM  ,Microsoft's (MSFT) Cloud Gaming Comes to Windows 10 PCs & iOS
msft,Jun-30-21,11:04AM  ,AT&T to run core 5G network on Microsoft's cloud
msft,Jun-30-21,11:00AM  ,Here's What Bill Gates Has to Say About Bitcoin
msft,Jun-30-21,10:35AM  ,REFILE-AT&T to run core 5G network on Microsoft's cloud
swks,Jul-07-21,05:45PM  ,Skyworks Solutions (SWKS) Stock Sinks As Market Gains: What You Should Know
swks,Jul-06-21,03:23PM  ,Why Skyworks Solutions Stock Ran 13% Higher in June
swks,Jul-06-21,10:13AM  ,Is Skyworks Solutions Inc (SWKS) A Good Stock To Buy?
swks,Jul-02-21,09:17AM  ,Taking Another Look at Skyworks Solutions
swks,Jul-01-21,03:29PM  ,3 Stocks To Buy In Spaces Where Demand Outpaces Supply
swks,Jun-30-21,05:45PM  ,Skyworks Solutions (SWKS) Outpaces Stock Market Gains: What You Should Know
swks,Jun-30-21,07:48AM  ,"Dow Jones Futures: Market Rally Keeps Rising As Apple, iPhone Chipmakers Near Buy Points; Didi Prices $4 Billion IPO"
swks,Jun-30-21,05:40AM  ,Morning Bell With Jim Cramer: Skyworks and Apple - Shhh!
swks,Jun-29-21,11:34AM  ,"Ahead of the Apple iPhone 13 Launch, These Chip Makers Look Like Buys"
swks,Jun-29-21,10:36AM  ,Cirrus and Skyworks Rise as Barclays Cites Apple Connection
swks,Jun-23-21,08:02AM  ,Skyworks and Xilinx Enable 5G Across Newly Available C-band Spectrum
swks,Jun-22-21,05:45PM  ,Skyworks Solutions (SWKS) Gains But Lags Market: What You Should Know
swks,Jun-22-21,04:43AM  ,Here's Why We Think Skyworks Solutions (NASDAQ:SWKS) Is Well Worth Watching
swks,Jun-18-21,12:02PM  ,7 Apple Supplier Stocks Every AAPL Advocate Needs To Know
swks,Jun-16-21,05:45PM  ,Skyworks Solutions (SWKS) Stock Moves -0.4%: What You Should Know
swks,Jun-10-21,05:45PM  ,Skyworks Solutions (SWKS) Outpaces Stock Market Gains: What You Should Know
swks,Jun-10-21,09:48AM  ,3 No-Brainer Stocks to Buy That Benefit From the Internet of Things
swks,Jun-09-21,10:50AM  ,Skyworks Solutions or Qorvo: Which 5G Stock Should You Buy With $200?
swks,Jun-09-21,08:45AM  ,10 Best Dividend Stocks to Buy Now According to Billionaire Kerr Neilson
swks,Jun-04-21,05:45PM  ,Skyworks Solutions (SWKS) Outpaces Stock Market Gains: What You Should Know
swks,May-28-21,05:45PM  ,Skyworks Solutions (SWKS) Stock Sinks As Market Gains: What You Should Know
swks,May-27-21,08:19AM  ,"When Should You Buy Skyworks Solutions, Inc. (NASDAQ:SWKS)?"
swks,May-26-21,07:30AM  ,2 Top 5G Stocks to Buy in a 2021 Market Crash
swks,May-20-21,09:03AM  ,3 Reasons Tech Stocks Are a Buy Right Now
swks,May-14-21,07:45AM  ,Will Apple's 5G Modem Development Sink Skyworks Solutions?
swks,May-13-21,08:30AM  ,Liam K. Griffin Elected Chairman of the Board of Skyworks
swks,May-12-21,08:43PM  ,"Skyworks Solutions, Inc. Announces Pricing of $1.5 Billion Senior Note Offering"
swks,May-10-21,04:32PM  ,Were Hedge Funds Right About Skyworks Solutions (SWKS)?
swks,May-10-21,04:12PM  ,"Why Qualcomm, Micron Technology, and Skyworks Solutions Fell Today"
swks,May-10-21,10:11AM  ,5G Stocks To Buy And Watch: Smartphones Rule Today But Enterprise Plays Will Kick In
swks,May-10-21,09:06AM  ,3 5G Stocks to Buy Right Now
swks,May-09-21,06:18AM  ,Skyworks Solutions Taps  Into Lucrative Automotive Semiconductor Industry
swks,May-07-21,07:45AM  ,3 Top Semiconductor Stocks to Buy After Q1 2021 Earnings
swks,May-05-21,05:45PM  ,Skyworks Solutions (SWKS) Outpaces Stock Market Gains: What You Should Know
swks,May-04-21,09:09AM  ,Don't Forget to Buy This Top Growth Stock in May
swks,May-03-21,11:00AM  ,2 Stocks Are Down Big From Their 52-Week Highs. Are These Buying Opportunities?
swks,May-03-21,08:21AM  ,Skyworks Delivers Modest Earnings Beat In 2Q
swks,Apr-30-21,05:37PM  ,"Skyworks Edges Past Q2 Estimates, but Its Stock Falls 8% Anyway"
swks,Apr-30-21,04:24PM  ,Semiconductor Stocks Look Like Brad Pitt But Who Cares?
swks,Apr-30-21,02:02PM  ,Why Skyworks Solutions Stock Crashed 7.7% After Beating Earnings
swks,Apr-30-21,11:31AM  ,Skyworks Shares Fall Despite Earnings Beat. Investors Wanted More.
swks,Apr-30-21,10:38AM  ,"Skyworks' (SWKS) Q2 Earnings Beat, Stock Down on Q3 View"
swks,Apr-30-21,08:29AM  ,"Skyworks Solutions Shares Are Trading Lower Despite Q3 Earnings Beat, Robust Q4 Guidance"
swks,Apr-30-21,08:17AM  ,"Dow Jones Futures Fall: Amazon Flashes Buy Sign But Apple Suppliers, Nio, Twitter Lead Earnings Losers"
swks,Apr-30-21,07:39AM  ,Skyworks Slumps Despite Price Target Upgrades
swks,Apr-29-21,09:31PM  ,Skyworks Solutions (SWKS) Q2 2021 Earnings Call Transcript
swks,Apr-29-21,06:15PM  ,Skyworks Solutions (SWKS) Beats Q2 Earnings and Revenue Estimates
swks,Apr-29-21,04:58PM  ,Wireless-Chip Maker Skyworks Squeaks By Second-Quarter Targets
swks,Apr-29-21,04:01PM  ,Skyworks Reports Q2 FY21 Results
swks,Apr-29-21,02:30PM  ,"Skyworks Solutions, Inc. to Host Earnings Call"
swks,Apr-29-21,02:07PM  ,"Skyworks Tops Adjusted Earnings Estimates, Offers Tepid Guidance"
swks,Apr-29-21,08:30AM  ,Here's How Much You'd Have If You Invested $1000 in Skyworks Solutions a Decade Ago
swks,Apr-28-21,10:00AM  ,Skyworks Reduces Its Dependence on Apple With a $2.75 Billion Deal
swks,Apr-28-21,08:38AM  ,Should You Buy Skyworks (SWKS) Ahead of Earnings?
swks,Apr-28-21,07:05AM  ,Silicon Labs Announces Record Quarterly Revenue
swks,Apr-28-21,05:09AM  ,Morning Bell With Jim Cramer: Buy Skyworks Solutions
swks,Apr-27-21,09:47AM  ,5G Content Expansion to Drive Skyworks' (SWKS) Q2 Earnings
swks,Apr-27-21,06:23AM  ,"Calculating The Fair Value Of Skyworks Solutions, Inc. (NASDAQ:SWKS)"
swks,Apr-26-21,04:15PM  ,"Dow Jones Dips, Nasdaq Hits Record; Biden Admin Defends Tax Hike; Tesla Falls Late"
swks,Apr-26-21,02:47PM  ,Skyworks Lifts Nasdaq Ahead of Earnings; CRISPR Keeps Moving Forward
swks,Apr-26-21,01:46PM  ,Dow Jones Slips While Nasdaq Leads Upside; Several Growth Stocks Score Breakouts
swks,Apr-26-21,12:19PM  ,Skyworks Breaks Out Again On Chip Strength
swks,Apr-26-21,11:39AM  ,Why Skyworks Solutions Stock Climbed to All-Time Highs on Monday
swks,Apr-26-21,11:13AM  ,Skyworks Solutions (SWKS) Recently Broke Out Above the 20-Day Moving Average
swks,Apr-26-21,05:20AM  ,Skyworks Solutions' Charts Are a Little Cloudy but Still Bullish
swks,Apr-23-21,03:54PM  ,"Cramer's Mad Money Recap: Skyworks, AEP, Nucor"
swks,Apr-23-21,12:03PM  ,Why Silicon Laboratories Stock Jumped Today
swks,Apr-23-21,10:00AM  ,"Dow Jones Today, Stocks Mixed, Nasdaq Leads; Skyworks, Boston Beer Jump; Intel, AmEx Dive"
swks,Apr-23-21,08:18AM  ,"Dow Jones Futures: Bitcoin Dives To $50,000; Intel, Snap Key Movers After Biden Capital Gains Tax Hike Plan Hits Market Rally"
swks,Apr-23-21,08:11AM  ,Silicon Lab's Stock Is Trading Higher On Skyworks $2.75B Acquisition Of Infrastructure & Automotive Business
swks,Apr-23-21,06:16AM  ,Skyworks Snaps Up Silicon Labs Infrastructure and Automotive Business For $2.75B
swks,Apr-23-21,05:37AM  ,"Skyworks Eyes EV, 5G Markets With $2.75B Deal for Silicon Labs Units"
swks,Apr-23-21,04:09AM  ,"Dow Jones Futures: Bitcoin Dives Below $50,000, Intel, Snap Key Movers After Biden Capital Gains Tax Hike Plan Hits Market Rally"
swks,Apr-22-21,10:37PM  ,"Dow Jones Futures: Bitcoin Plunges Below $50,000, Intel, Snap Key Movers After Biden Capital Gains Tax Hike Plan Hits Market Rally"
swks,Apr-22-21,06:57PM  ,Skyworks Acquiring Silicon Labs' Infrastructure and Auto Business for $2.75 Billion
swks,Apr-22-21,06:45PM  ,"UPDATE 2-Silicon Labs to sell unit to Skyworks for $2.75 bln, shares surge after hours"
swks,Apr-22-21,06:14PM  ,Skyworks Is Buying a Chip Unit From Silicon Labs. Heres What It Means for the Stock.
swks,Apr-22-21,05:22PM  ,"Skyworks, Silicon Labs shares rise after companies announce $2.75B deal"
swks,Apr-22-21,04:24PM  ,CORRECTED-UPDATE 1-Silicon Labs to sell infrastructure and auto unit to Skyworks for $2.75 billion
swks,Apr-22-21,04:14PM  ,"Silicon Labs to sell unit to Skyworks for $2.75 billion, shares surge after hours"
swks,Apr-22-21,04:05PM  ,Skyworks to Acquire the Infrastructure & Automotive Business of Silicon Labs
swks,Apr-22-21,12:33PM  ,Skyworks Solutions (SWKS) Reports Next Week: Wall Street Expects Earnings Growth
swks,Apr-22-21,11:20AM  ,Why This 5G Stock Can Burst Higher This Earnings Season
swks,Apr-20-21,05:45PM  ,Skyworks Solutions (SWKS) Dips More Than Broader Markets: What You Should Know
swks,Apr-20-21,08:30AM  ,Here's How Much You'd Have If You Invested $1000 in Skyworks Solutions a Decade Ago
swks,Apr-19-21,08:30AM  ,Here's How Much You'd Have If You Invested $1000 in Skyworks Solutions a Decade Ago
swks,Apr-18-21,07:00AM  ,3 5G Stocks to Buy Before They Take Off Again
swks,Apr-16-21,09:40AM  ,3 Great Dividend Stocks Whose Payouts Could Double
swks,Apr-15-21,04:45PM  ,Skyworks Sets Date for Second Quarter Fiscal 2021 Earnings Release and Conference Call
swks,Apr-13-21,05:45PM  ,Skyworks Solutions (SWKS) Outpaces Stock Market Gains: What You Should Know
swks,Apr-12-21,08:21AM  ,Dow Jones Futures Fall With Bull Market Rally Running: Alibaba Jumps After Fine; 5 Stocks Near Buy Points
swks,Apr-09-21,04:25PM  ,"Apple iPhone 12 Sales Seen Getting Lift From Tax Refunds, Stimulus Checks"
swks,Apr-06-21,12:10PM  ,Can Skyworks (SWKS) Keep the Earnings Surprise Streak Alive?
swks,Apr-04-21,08:36AM  ,3 Dividend-Paying Tech Stocks to Buy Right Now
swks,Apr-01-21,11:11AM  ,Skyworks Looks Oddly Cheap In A Hot Semiconductor Market
swks,Apr-01-21,10:57AM  ,10 Best 5G Stocks to Buy Now
swks,Mar-31-21,05:22PM  ,"Dow Jones Futures: Stock Market Rallies On Biden Infrastructure Plan; Micron In Buy Range; Tesla, Nio Deliveries On Tap"
swks,Mar-31-21,08:53AM  ,5 IoT Stocks to Boost Portfolio on 5G Boom-Led Demand Uptick
swks,Mar-31-21,06:40AM  ,4 Semiconductor Stocks to Gain From the Ongoing Chip Shortage
swks,Mar-30-21,06:44AM  ,Tyler's (TYL) NIC Takeover on Track as HSR Waiting Period Ends
wkhs,Jul-07-21,06:36PM  ,Why Workhorse Group Dropped Again Wednesday
wkhs,Jul-06-21,09:42AM  ,Avoid Workhorse -- This Electric Vehicle Company Is a Better Investment
wkhs,Jul-05-21,04:30PM  ,10 Best Renewable Energy Stocks to Buy According to Hedge Funds
wkhs,Jul-02-21,04:07PM  ,Why EV Stock Workhorse Group Plunged Today
wkhs,Jun-29-21,08:29AM  ,"Forget WKHS, Tap These 3 Non-Meme Stocks to Play the EV Boom"
wkhs,Jun-29-21,05:35AM  ,Workhorse Jumps As Reddit Gang Is Talking About It Again
wkhs,Jun-28-21,04:06PM  ,Why Electric Vehicle Stocks Are Up Today
wkhs,Jun-28-21,08:53AM  ,Workhorse Group Jumps as Reddit Investors Pile In
wkhs,Jun-25-21,06:00AM  ,Workhorse Looks Like Its Probably Dead in the Water Here
wkhs,Jun-24-21,04:58PM  ,Forget AMC and Gamestop: 10 New Stocks Reddits WallStreetBets Is Buying
wkhs,Jun-22-21,10:30AM  ,UPDATE 2-Oshkosh to build new U.S. Postal delivery vehicles in South Carolina
wkhs,Jun-21-21,10:24AM  ,10 Best Alternative Energy Stocks to Buy Now
wkhs,Jun-18-21,11:05AM  ,Workhorse Stock Is Still a Buy Based On Long-Term Prospects
wkhs,Jun-17-21,03:53PM  ,"'In the streaming world, local television simply doesnt exist': CEO of MNTN"
wkhs,Jun-16-21,04:45PM  ,Workhorse Files Formal Complaint Regarding USPS NGDV Contract
wkhs,Jun-16-21,02:24PM  ,Why Workhorse Stock Just Popped
wkhs,Jun-16-21,11:22AM  ,Workhorse challenges USPS decision to award vehicle contract to Oshkosh
wkhs,Jun-15-21,08:32AM  ,Do Options Traders Know Something About Workhorse (WKHS) Stock We Don't?
wkhs,Jun-15-21,08:31AM  ,WKHS Caught Up in the 'Meme' Mania: Time to Cash Out?
wkhs,Jun-14-21,02:04PM  ,"Here are the biggest short squeezes in the stock market, including Virgin Galactic and AMC Networks"
wkhs,Jun-14-21,01:34PM  ,Lordstown Motors: Here's the next shoe to probably drop on battered investors
wkhs,Jun-11-21,01:47PM  ,Top Electric Car Stocks for Q3 2021
wkhs,Jun-10-21,03:28AM  ,Lordstown Motors vs. Workhorse Group: Which Commercial EV Stock Is A Better Pick?
wkhs,Jun-09-21,04:36AM  ,"Premarket Movers Wednesday: Wendy's, Workhorse, SPI Energy"
wkhs,Jun-09-21,01:38AM  ,Clover Health Surges 11% as Meme Stock Rally Continues
wkhs,Jun-08-21,04:17PM  ,Clover Health Roars to Record as Short Sellers Get Burned
wkhs,Jun-08-21,03:56PM  ,Top Car Stocks for Q3 2021
wkhs,Jun-08-21,03:40PM  ,"Why Workhorse Group, Lordstown Motors, and XL Fleet Stocks All Moved Higher Today"
wkhs,Jun-08-21,08:46AM  ,Workhorse Group Jumps Along With the Meme Stocks
wkhs,Jun-04-21,02:33PM  ,"Tesla bounces back, Musk spooks Bitcoin, Facebook suspends Trump"
wkhs,Jun-04-21,11:48AM  ,Why Workhorse Group Stock Crashed Friday
wkhs,Jun-04-21,10:36AM  ,"Workhorse stock gets downgraded by Cowen, 'no catalyst going forward'"
wkhs,Jun-04-21,08:20AM  ,Why Workhorse Group Stock Fell 24.4% in May
wkhs,Jun-04-21,08:10AM  ,Workhorse Group Drops Following Cowen Downgrade
wkhs,Jun-04-21,07:23AM  ,Workhorse Stumbles as Cowen Says Recent Pop Just a Meme Rally
wkhs,Jun-03-21,05:15PM  ,"Dow Jones Futures: Stock Market Rally Breaks Support As GM Flies, Tesla Dives; AMC Whipsaws As Meme Stock Madness Continues"
wkhs,Jun-03-21,04:19PM  ,Workhorse Posts Best 3-Day Jump Since July on Retail Fandom
wkhs,Jun-03-21,11:15AM  ,Why Workhorse Group Stock Is Surging Today
wkhs,Jun-03-21,04:34AM  ,"Premarket Movers Thursday - AMC, Workhorse, Virgin Galactic"
wkhs,Jun-03-21,02:42AM  ,Workhorse Joins Meme-Stock Club as Shares Surge
wkhs,Jun-02-21,04:35PM  ,"Why Workhorse Group, Lordstown Motors, and Canoo Stocks Popped Today"
wkhs,Jun-01-21,08:56PM  ,Xpeng Expects to Meet or Beat Sales Targets After Stellar May
wkhs,May-26-21,02:30PM  ,"Why Nikola, Workhorse Group, and Lordstown Motors Stocks Jumped Today"
wkhs,May-21-21,12:00PM  ,"Workhorse Was Dealt a Severe Blow, But Can It Get Back in the Saddle?"
wkhs,May-17-21,07:30PM  ,2 Under The Radar EV Stocks Set To Explode This Summer
wkhs,May-13-21,08:44AM  ,Implied Volatility Surging for Workhorse (WKHS) Stock Options
wkhs,May-12-21,09:21AM  ,Workhorse: Buy the Dip or Pump the Brakes? Analyst Weighs In
wkhs,May-12-21,09:01AM  ,Did Business Growth Power Workhorse Group's (NASDAQ:WKHS) Share Price Gain of 203%?
wkhs,May-11-21,03:25PM  ,"Why Workhorse Stock Crashed, and Then Jumped Higher, on Tuesday"
wkhs,May-11-21,07:56AM  ,"Workhorses Q1 Revenue Jumps, 2021 Production Target Lowered"
wkhs,May-10-21,03:13PM  ,Workhorse Group's Q1 Sales Fall Short of Expectations With Just 6 Trucks Delivered
wkhs,May-10-21,02:45PM  ,Why NIO Stock Is Lower Today
wkhs,May-10-21,02:15PM  ,Why Workhorse Group Stock Is Falling Today
wkhs,May-10-21,11:13AM  ,Workhorse shares skid as electric truck maker cuts production target
wkhs,May-10-21,10:45AM  ,"Workhorse Group (WKHS) Reports Q1 Loss, Misses Revenue Estimates"
wkhs,May-10-21,09:28AM  ,Workhorse stock drops after revenue was less than half what was expected
wkhs,May-10-21,09:00AM  ,Workhorse Group Reports First Quarter 2021 Results
wkhs,May-10-21,08:45AM  ,Workhorse Executes Strategic Development Agreement with J.B. Poindexter & Co. Subsidiary EAVX to Expand its Product Offerings
wkhs,May-10-21,08:15AM  ,"Workhorse Group, Inc. to Host Earnings Call"
wkhs,May-07-21,08:21PM  ,"WKHS Final Deadline Today: Rosen, Trusted Investor Counsel, Encourages Workhorse Group Inc. Investors with Losses Over $500K to Secure Counsel Before Important May 7 Deadline - WKHS"
wkhs,May-07-21,02:00PM  ,"INVESTOR DEADLINE TODAY: The Schall Law Firm Reminds Investors of a Class Action Lawsuit Against Workhorse Group Inc. and Encourages Investors with Losses in Excess of $100,000 to Contact the Firm"
wkhs,May-07-21,01:57PM  ,WKHS Stock Is Still Scorched Earth After USPS Debacle
wkhs,May-07-21,11:02AM  ,"DEADLINE TODAY: The Schall Law Firm Reminds Investors of a Class Action Lawsuit Against Workhorse Group Inc. and Encourages Investors with Losses in Excess of $100,000 to Contact the Firm"
wkhs,May-07-21,10:18AM  ,Is a Surprise Coming for Workhorse Group (WKHS) This Earnings Season?
wkhs,May-07-21,10:00AM  ,"WKHS Final Deadline: Bronstein, Gewirtz & Grossman, LLC Reminds Investors of Class Action Against Workhorse Group Inc. and Lead Plaintiff Deadline: May 7, 2021"
wkhs,May-07-21,09:36AM  ,Factors Shaping the Fate of Workhorse (WKHS) Q1 Earnings
wkhs,May-07-21,09:12AM  ,"Zacks Earnings ESP: A Better Way to Find Earnings Surprises for Auto, Tires and Trucks"
wkhs,May-06-21,07:35PM  ,"WORKHORSE GROUP 24 HOUR DEADLINE ALERT: Former Louisiana Attorney General and Kahn Swick & Foti, LLC Remind Investors with Losses in Excess of $100,000 of Deadline in Class Action Lawsuit Against Workhorse Group, Inc. - WKHS"
wkhs,May-06-21,05:49PM  ,"WKHS FINAL DEADLINE ALERT: ROSEN, SKILLED INVESTOR COUNSEL, Encourages Workhorse Group Inc. Investors With Losses Over $500K to Secure Counsel Before Important Friday Deadline - WKHS"
wkhs,May-06-21,04:38PM  ,Why Workhorse Group Stock Dropped 10% in April
wkhs,May-06-21,03:55PM  ,Here Are The Stocks With The Highest Short Interest Rate This Week 5/6
wkhs,May-06-21,03:00PM  ,"One Day Left for Shareholders with Losses Exceeding $200K to Actively Participate in Workhorse Group Inc. (WKHS) Class Action - Bronstein, Gewirtz & Grossman, LLC"
wkhs,May-06-21,01:15PM  ,"FINAL DEADLINE TOMORROW: The Schall Law Firm Reminds Investors of a Class Action Lawsuit Against Workhorse Group Inc. and Encourages Investors with Losses in Excess of $100,000 to Contact the Firm"
wkhs,May-06-21,11:00AM  ,"One Day Remaining for Shareholders with Losses Exceeding $200K to Actively Participate in Workhorse Group Inc. (WKHS) Class Action - Bronstein, Gewirtz & Grossman, LLC"
wkhs,May-06-21,10:57AM  ,"DEADLINE TOMORROW: The Schall Law Firm Reminds Investors of a Class Action Lawsuit Against Workhorse Group Inc. and Encourages Investors with Losses in Excess of $100,000 to Contact the Firm"
wkhs,May-06-21,09:25AM  ,"Kessler Topaz Meltzer & Checker, LLP: Final Deadline Reminder for Workhorse Group Inc. Investors - WKHS"
wkhs,May-05-21,11:01PM  ,"SHAREHOLDER ALERT BY FORMER LOUISIANA ATTORNEY GENERAL: KSF REMINDS DOX, FGEN, GOEV, WKHS INVESTORS of Lead Plaintiff Deadline in Class Action Lawsuits"
wkhs,May-05-21,10:23PM  ,"WORKHORSE GROUP 48 HOUR DEADLINE ALERT: Former Louisiana Attorney General and Kahn Swick & Foti, LLC Remind Investors with Losses in Excess of $100,000 of Deadline in Class Action Lawsuit Against Workhorse Group, Inc. - WKHS"
wkhs,May-05-21,03:55PM  ,"WKHS FRIDAY DEADLINE: ROSEN, A LEADING LAW FIRM, Encourages Workhorse Group Inc. Investors With Losses Over $500K to Secure Counsel Before Important Friday Deadline in Securities Class Action  WKHS"
wkhs,May-05-21,03:00PM  ,"Two Days Left for Shareholders with Losses Exceeding $200K to Actively Participate in Workhorse Group Inc. (WKHS) Class Action - Bronstein, Gewirtz & Grossman, LLC"
wkhs,May-05-21,01:10PM  ,"2-Day Deadline Alert: The Schall Law Firm Reminds Investors of a Class Action Lawsuit Against Workhorse Group Inc. and Encourages Investors with Losses in Excess of $100,000 to Contact the Firm"
wkhs,May-05-21,11:35AM  ,WKHS ALERT: Zhang Investor Law Alerts Investors of Deadline in Securities Class Action Lawsuit Against  Workhorse Group Inc.  WKHS
wkhs,May-05-21,11:28AM  ,"MAY 7, 2021 WKHS INVESTOR DEADLINE: Bernstein Liebhard LLP Reminds Investors of the Deadline to File a Lead Plaintiff Motion In a Securities Class Action Lawsuit Against Workhorse Group, Inc."
wkhs,May-05-21,11:21AM  ,"Deadline in 2 Days: Kessler Topaz Meltzer & Check, LLP Reminds Investors of Class Action Lawsuit Against Workhorse Group Inc. (WKHS)"
wkhs,May-05-21,11:00AM  ,"WKHS Deadline Alert: Bronstein, Gewirtz & Grossman, LLC Reminds Investors of Class Action Against Workhorse Group Inc. and Lead Plaintiff Deadline: May 7, 2021"
wkhs,May-05-21,10:33AM  ,"FRIDAY DEADLINE NOTICE: The Schall Law Firm Reminds Investors of a Class Action Lawsuit Against Workhorse Group Inc. and Encourages Investors with Losses in Excess of $100,000 to Contact the Firm"
wkhs,May-05-21,08:30AM  ,Workhorse Partners with Coulomb Solutions to Supply its CATL Battery System
wkhs,May-05-21,01:20AM  ,"MAY 7 DEADLINE: The Schall Law Firm Reminds Investors of a Class Action Lawsuit Against Workhorse Group Inc. and Encourages Investors with Losses in Excess of $100,000 to Contact the Firm"
wkhs,May-04-21,10:50PM  ,"FILING DEADLINE--Kuznicki Law PLLC Announces Class Actions on Behalf of Shareholders of DOX, FGEN, GOEV and WKHS"
wkhs,May-04-21,09:32PM  ,"Workhorse Group, Inc. Investors: Last Days to Participate Actively in the Class Action Lawsuit; Portnoy Law Firm"
wkhs,May-04-21,09:00PM  ,"DEADLINE ALERT: Bragar Eagel & Squire, P.C. Reminds Investors That a Class Action Lawsuit Has Been Filed Against Workhorse Group, Inc. and Encourages Investors With Losses in Excess of $100,000 to Contact the Firm"
wkhs,May-04-21,07:30PM  ,"WKHS FINAL DEADLINE: ROSEN, A LEADING LAW FIRM, Encourages Workhorse Group Inc. Investors With Losses Over $100K to Secure Counsel Before Important Friday Deadline in Securities Class Action  WKHS"
wkhs,May-04-21,06:28PM  ,"WORKHORSE GROUP 72 HOUR DEADLINE ALERT: Former Louisiana Attorney General and Kahn Swick & Foti, LLC Remind Investors With Losses in Excess of $100,000 of Deadline in Class Action Lawsuit Against Workhorse Group, Inc. - WKHS"
wkhs,May-04-21,01:07PM  ,"Kessler Topaz Meltzer & Check, LLP Reminds Investors in Workhorse Group Inc. of Deadline in Securities Fraud Class Action Lawsuit"
wkhs,May-04-21,11:00AM  ,"WKHS Deadline: Bronstein, Gewirtz & Grossman, LLC Reminds Investors of Class Action Against Workhorse Group Inc. and Lead Plaintiff Deadline: May 7, 2021"
wkhs,May-04-21,10:47AM  ,"FRIDAY DEADLINE REMINDER: The Schall Law Firm Reminds Investors of a Class Action Lawsuit Against Workhorse Group Inc. and Encourages Investors with Losses in Excess of $100,000 to Contact the Firm"
wkhs,May-04-21,09:14AM  ,"MAY 7, 2021 WKHS INVESTOR DEADLINE: Bernstein Liebhard LLP Reminds Investors of the Deadline to File a Lead Plaintiff Motion In a Securities Class Action Lawsuit Against Workhorse Group, Inc."
wkhs,May-03-21,11:00PM  ,"SHAREHOLDER ALERT: CLAIMSFILER REMINDS EBS, GOEV, RMO, WKHS INVESTORS of Lead Plaintiff Deadline in Class Action Lawsuits"
wkhs,May-03-21,03:01PM  ,Earnings Preview: Workhorse Group (WKHS) Q1 Earnings Expected to Decline
wkhs,May-03-21,02:10PM  ,"Final Deadline Approaching on May 7, 2021:  Kessler Topaz Meltzer & Check, LLP Reminds Workhorse Group Inc. Investors of Class Action Lawsuit Deadline"
